word,tf-idf
3,0.005430746
button,0.009523553
stop,0.005660386
work,0.011240987
month,0.007723019
use,0.014562614
twice,0.001825941
day,0.005822724
recommend,0.005219742
go,0.005863468
money,0.00342003
someth,0.004401009
durabl,0.000397882
oh,0.001215087
also,0.006737337
big,0.003846399
plate,0.005654895
fit,0.008269337
didnt,0.005601695
long,0.003536106
cant,0.004084867
attest,9.52E-05
price,0.006083608
extrem,0.001855283
good,0.008401305
look,0.00959504
feel,0.001976651
like,0.009702349
qualiti,0.004335985
build,0.000984406
just,0.011008826
know,0.00497127
small,0.007444412
will,0.010351291
nuke,0.000528395
turkey,0.000477458
super,0.001482
high,0.002867012
wattag,0.001470895
may,0.003902461
take,0.006321086
bit,0.00379804
longer,0.004188392
must,0.002217857
can,0.009481216
soup,0.000679365
212,9.52E-05
minut,0.006702087
wont,0.003261586
nice,0.006257875
microwav,0.015672163
great,0.009048025
quiet,0.00181193
seem,0.005964571
1000,0.001390715
watt,0.003693101
power,0.00704499
bigger,0.001200477
thought,0.00280596
realli,0.006231151
love,0.006465824
one,0.013109822
touch,0.002682222
set,0.005977734
want,0.006623838
along,0.001249071
30,0.004758962
second,0.005822814
size,0.006399632
countertop,0.00326448
littl,0.006066282
noisi,0.001466353
beep,0.004063882
other,0.002631614
said,0.004414607
bought,0.007211928
2,0.006890532
year,0.010578946
ago,0.004165755
part,0.007527791
home,0.00429696
remodel,0.001896152
recent,0.00142272
sharp,0.006741287
warranti,0.006799013
1,0.004758962
amount,0.001881273
spent,0.001087183
expect,0.003936304
last,0.006540643
pleas,0.002980612
packag,0.002174998
easi,0.006973687
instruct,0.003200172
worth,0.002758402
55,0.000256028
prime34,9.52E-05
order,0.004499607
neat,9.52E-05
unit,0.013418946
complaint,0.002624045
finish,0.002148177
match,0.002194268
stainless,0.004408206
steelblack,9.52E-05
wall,0.003029269
oven,0.0114919
howev,0.003741905
open,0.007554443
door,0.010498942
first,0.005674237
tri,0.005190563
need,0.008477907
help,0.002650143
occasion,0.00090634
intern,0.00121547
make,0.007002786
nois,0.002818209
tray,0.001742961
rotat,0.001600737
excel,0.002393266
move,0.00192736
apart,0.002156422
builtin,0.001080418
kitchen,0.007340155
wasnt,0.001845384
perfect,0.005278683
footprint,0.001200477
pack,0.000945366
punch,0.000867737
cook,0.013803747
everyth,0.003726955
evenli,0.001813985
downsid,0.000528395
close,0.004773815
whole,0.002234284
sometim,0.002288778
heaviest,9.52E-05
im,0.00605289
fault,0.000664289
simpli,0.001813985
put,0.004622781
hand,0.001840383
top,0.005428911
openingclos,9.52E-05
well,0.008658914
give,0.003569938
space,0.007297603
con,0.001279039
never,0.00591222
wife,0.002141372
insist,0.000464304
buy,0.008597071
new,0.009115625
contact,0.002612224
ge,0.01132582
gave,0.002231776
20,0.001700611
credit,0.000679365
worri,0.001376793
paint,0.005905315
peel,0.001943752
tell,0.002414501
ok,0.002210795
read,0.004327532
review,0.007692879
made,0.004213269
sound,0.002283678
alittl,9.52E-05
difficult,0.00165984
current,0.001246914
third,0.001200477
lg,0.003598196
fail,0.003548348
week,0.005842018
took,0.002888833
get,0.009270641
us,0.00351383
next,0.002439383
11,0.001165768
went,0.00322863
thanksgiv,0.000528395
6900,9.52E-05
brand,0.004593485
perfectli,0.003751163
18,0.001263661
low,0.00268431
depot,0.000795426
replac,0.011043217
blog,9.52E-05
often,0.00171912
court,9.52E-05
major,0.00154128
problem,0.008443743
mani,0.003938603
failur,0.001012892
yet,0.002386053
continu,0.002031558
produc,0.000998174
worthless,0.000738098
piec,0.002702727
junk,0.001373978
appear,0.001852821
anoth,0.006190655
bean,0.000178868
counter,0.005754273
situat,0.000976058
cheaper,0.001235193
machin,0.002577187
fix,0.004883983
damag,0.002900156
recal,0.001498885
product,0.009510529
far,0.004623258
powder,0.000178868
quit,0.00322863
strong,0.001147944
grill,0.003430151
bulkier,0.000178868
food,0.007381012
complain,0.001087183
turntabl,0.004611469
light,0.005674815
come,0.004731774
abl,0.003091312
eventu,0.000891541
got,0.004618975
couldnt,0.002055575
matter,0.00142272
unplug,0.00236127
sit,0.002323925
heat,0.008500877
sadli,0.000397882
send,0.0024194
back,0.007075705
featur,0.006295593
fun,0.000256028
funni,0.000464304
storyyear,9.52E-05
husband,0.001772245
found,0.004553192
cube,0.000426714
garag,0.000679365
sale,0.000976058
2500,0.000190401
daughter,0.000723114
etc,0.002867012
older,0.001855678
lot,0.00454679
charm,0.000464304
room,0.002268953
rang,0.004458702
whirlpool,0.006581617
corner,0.003536106
ithowev,9.52E-05
easier,0.001344157
pocket,0.000256028
book,0.000541688
lol,0.000464304
sinc,0.004971776
decemb,0.000464304
2014,0.001064719
8,0.001657907
glass,0.003359484
carousel,0.001485575
tightli,0.000328677
plastic,0.003865262
gear,0.000190401
center,0.001918559
therefor,0.000464304
rattl,0.00060388
turn,0.00641662
dont,0.006773436
see,0.004427904
caus,0.001870672
loos,0.00087784
nevertheless,9.52E-05
quietli,0.000397882
otherwis,0.001614711
still,0.005930422
clean,0.004417796
onetouch,0.000328677
time,0.011736766
34start34,0.000493016
peopl,0.002785267
hard,0.002980131
larg,0.004188302
34open34,0.000178868
push,0.00382142
entir,0.0017784
experi,0.002239656
seldom,0.000256028
program,0.001436431
veget,0.00145321
popcorn,0.004528989
potato,0.00189696
bad,0.003075235
burn,0.003092966
minibag,9.52E-05
sens,0.001064719
fine,0.004943714
bake,0.002812892
understand,0.001344157
benefit,0.000410847
rather,0.001686621
concav,9.52E-05
interior,0.003655264
contribut,0.000178868
14,0.00183768
cu,0.001036238
ft,0.001186617
volum,0.000477458
right,0.004792478
regardless,0.000328677
certainli,0.000822961
best,0.003091312
amazon,0.004956129
purpos,0.000998174
although,0.002040768
slide,0.001326844
design,0.004036213
solid,0.001036238
everi,0.003465939
world,0.000178868
except,0.001151135
simpl,0.002851328
timer,0.003958011
stupid,0.000397882
expens,0.002965296
doesnt,0.004766085
includ,0.002541875
basic,0.002372087
prompt,0.000328677
deliveri,0.001436431
run,0.004042455
attract,0.001390715
mircorwav,9.52E-05
5,0.003671605
hold,0.003455999
dish,0.001870672
control,0.005694941
bottom,0.004074137
limit,0.001700611
peer,9.52E-05
dorm,0.000464304
lighter,0.000328677
latch,0.001482232
enough,0.004533614
conveni,0.001614711
direct,0.001866837
differ,0.003865855
level,0.00203526
own,0.003012053
due,0.001526778
extremli,9.52E-05
satisfi,0.001496514
old,0.007825413
ii,0.001750679
coat,0.002458275
sure,0.003799278
sand,0.001360062
prime,0.000696456
rust,0.001470895
spot,0.001829414
show,0.002326046
purchas,0.008842966
job,0.003138904
result,0.001761666
describ,0.001235193
deliv,0.00154128
promptli,0.000397882
semi,0.000397882
truck,0.001084671
750,0.000464304
on1000,9.52E-05
invert,0.00208504
receiv,0.003012793
mine,0.001466353
shin,9.52E-05
gap,0.00077384
normal,0.001787716
safe,0.000976058
ive,0.005260406
submit,9.52E-05
question,0.001254932
now,0.007087441
ill,0.002335579
star,0.0039751
slightli,0.001556375
annoy,0.001896152
bang,0.000328677
pend,9.52E-05
answer,0.001028701
updat,0.003585778
attach,0.000780515
pictur,0.000709559
9262015,9.52E-05
affect,0.000328677
oper,0.002835931
way,0.004351723
mostli,0.001036238
leftov,0.001344157
seriou,0.000851471
loud,0.003144992
toler,0.000178868
bare,0.001151135
notic,0.002171185
4,0.003683109
five,0.001151135
proper,0.000590479
prepar,0.001064719
three,0.003294773
messag,0.000891541
onto,0.000822961
page,0.000268303
rate,0.002887758
morethanlik,9.52E-05
attempt,0.001151135
iti,0.000341371
model,0.008280449
r410lw,9.52E-05
ever,0.003538896
list,0.001829414
repair,0.007553382
oem,9.52E-05
guess,0.001512822
34rmotda252wrzz34,9.52E-05
motor,0.002038068
34rmotda264wrzz34,9.52E-05
think,0.004587386
rpm,9.52E-05
60hz,9.52E-05
same120,9.52E-05
vi,0.000268303
same2wi,9.52E-05
sameso,9.52E-05
mayb,0.001614711
lose,0.000709559
3600,9.52E-05
wish,0.002179874
stupidi,9.52E-05
boat,0.000341371
rebuild,9.52E-05
real,0.001672379
present,0.000590479
terri,9.52E-05
hurri,0.000328677
teen,9.52E-05
pretti,0.00316788
actual,0.003364664
fiddl,9.52E-05
instal,0.009077671
blue,0.001131264
micro,0.001676096
wave,0.000328677
16,0.000891541
servic,0.009266133
final,0.002393266
wore,0.000256028
shape,0.001151135
risk,0.000664289
gem,0.000178868
happier,0.000723114
outsid,0.002615747
fabul,0.000528395
hesit,0.00087784
total,0.002393266
manner,0.000328677
dig,0.000178868
start,0.007367909
number,0.003518232
remov,0.002883148
thingi,0.000178868
bring,0.000780515
count,0.001087183
tini,0.001358712
handl,0.005171164
seal,0.000679365
combin,0.001012892
side,0.003937603
appli,0.000836621
opposit,0.000268303
pressur,0.000541688
solv,0.00087784
rubber,0.000541688
feet,0.001418049
shouldnt,0.000328677
add,0.002751868
came,0.00387306
item,0.005460903
34cook34,0.000178868
quickli,0.002414501
sooner,0.000256028
thank,0.002292981
insid,0.005499909
23,0.000738098
scrape,0.000397882
thing,0.007208306
style,0.001137294
front,0.003887474
complet,0.003153569
jennair,0.000178868
stove,0.003435978
wise,0.000397882
heavili,0.000178868
reach,0.001420472
end,0.003059432
life,0.001115495
struggl,0.000178868
find,0.004230842
main,0.001406943
function,0.005757541
cup,0.002234284
water,0.002964977
express,0.000709559
temperatur,0.001185214
none,0.001137294
surfac,0.001813976
vent,0.005041217
fan,0.005130044
troubl,0.000650803
seller,0.001326844
care,0.001921744
compani,0.003036478
saturday,9.52E-05
wait,0.003061386
two,0.005841316
respond,0.000993383
happen,0.002700145
onlin,0.002016305
3yr,0.000178868
touchpad,0.000619072
applianc,0.008210269
usual,0.001735957
pay,0.003231212
someon,0.001730048
previou,0.002982567
indic,0.001197809
readi,0.000922427
lift,0.000851471
hang,0.000822961
place,0.004147285
sensit,0.000328677
easili,0.002767639
worst,0.000766903
hate,0.000931629
deepli,9.52E-05
regret,0.00087784
giant,0.000464304
heavi,0.001715076
crook,9.52E-05
flat,0.000590479
unevenli,0.000328677
better,0.004222019
less,0.004674631
shock,0.000256028
upmarket,0.000178868
panason,0.001489592
local,0.002716713
canadian,0.000268303
wal,0.000268303
mart,0.000268303
steel,0.003746333
around,0.00260969
profession,0.000650803
white,0.001820389
heard,0.001036238
unbrand,0.000178868
otr,0.000619072
mobil,0.000178868
moment,0.000664289
1995,0.000256028
900,0.000619072
rv,0.000836621
2004,0.000328677
runner,0.000341371
write,0.000780515
juli,0.000836621
2013,0.001311524
spend,0.001911504
coupl,0.002867012
danbi,0.00254904
die,0.003830499
either,0.002201881
refund,0.001527451
fair,0.000590479
thou,0.000178868
enjoy,0.001012892
travel,0.000341371
convectionmicrowav,0.000178868
10,0.002836191
alreadi,0.002291425
broke,0.00256995
appar,0.001406943
everyon,0.001496514
els,0.002479791
deal,0.002515106
bosch,0.000959528
custom,0.005176861
group,9.52E-05
horriblerequir,9.52E-05
phone,0.001390715
call,0.007159048
99,0.000766903
tech,0.002464138
convinc,0.000178868
free,0.001527451
trim,0.001509423
discov,0.000650803
screw,0.004077591
behind,0.001344157
metal,0.003114106
imposs,0.000945366
drill,0.001642759
done,0.002634601
whew,0.000178868
overthestov,0.000328677
rental,0.000256028
immedi,0.00154128
tricki,0.000410847
resolv,0.000885718
tenant,0.000178868
happi,0.003822123
case,0.001991936
sever,0.003435122
built,0.002565408
chose,0.000766903
issu,0.00565539
classi,9.52E-05
casserol,0.001282997
march,0.000650803
15,0.00230929
point,0.002471996
known,0.00060388
cover,0.003587744
rip,0.000679365
colleg,0.000464304
student,0.000426714
origin,0.0020708
box,0.003483046
awesom,0.000945366
reheat,0.004346726
slow,0.000780515
wors,0.001215087
alway,0.002515106
select,0.001543991
mode,0.001837558
manual,0.00335018
enter,0.001045777
reluct,0.000397882
talk,0.000738098
realiz,0.001050033
that,0.002565408
knew,0.001087183
let,0.002435963
fool,0.000256028
youit,9.52E-05
full,0.00261571
dinner,0.002787865
sleek,0.001200477
suppos,0.001511646
press,0.003788829
singl,0.001101003
digit,0.000766903
automat,0.001482
urban,9.52E-05
smaller,0.002634601
much,0.006529527
flight,9.52E-05
stair,9.52E-05
compact,0.002026355
rusti,0.000256028
layer,0.000541688
remaind,9.52E-05
ie,0.000397882
uniform,0.000178868
color,0.001012892
air,0.001045777
smell,0.001915538
later,0.003091312
away,0.003229469
overal,0.002526789
10yr,0.000178868
beauti,0.001344157
unsur,9.52E-05
valu,0.001700611
arc,0.000410847
hv,0.000268303
diod,0.001185214
capacitor,0.000397882
magnetron,0.003462598
truli,0.000590479
disappoint,0.002408288
gold,9.52E-05
french,0.000557034
fridg,0.000822961
almost,0.002133006
cheapli,0.000590479
dispos,0.00060388
garbag,0.000709559
effici,0.001249071
version,0.001263661
2083st,9.52E-05
ident,0.000836621
exist,0.001050033
aspect,0.000256028
problemat,0.000410847
prior,0.001087183
mount,0.003523909
locat,0.001820389
wrong,0.001600737
posit,0.001200477
bracket,0.001988823
align,0.000341371
symmetr,9.52E-05
distanc,0.000341371
engin,0.000945366
graviti,9.52E-05
grey,0.000256028
moreov,9.52E-05
panel,0.003706659
tint,9.52E-05
black,0.002094677
unless,0.00142272
6,0.003012793
tall,0.001326844
dark,0.000590479
arriv,0.003329106
carton,0.000178868
bent,0.000867737
backward,0.000256028
compat,0.000328677
wonder,0.001987063
m,9.52E-05
probabl,0.002899289
daili,0.000795426
havent,0.001825941
wipe,0.000650803
beverag,0.00090634
versat,9.52E-05
ideal,0.000477458
pull,0.001772245
weve,0.001657907
dial,0.000922427
extra,0.002306093
quick,0.001643924
even,0.005964702
wouldnt,0.002239656
brilliant,9.52E-05
den,9.52E-05
offic,0.001028701
larger,0.002217386
lower,0.00192736
familiar,9.52E-05
januari,0.000709559
2015,0.000754849
clock,0.002119229
25,0.001296953
coffe,0.002031558
hous,0.003841696
kind,0.001960721
meh,9.52E-05
biggi,0.000256028
weekend,0.000328677
cold,0.001230532
cave,9.52E-05
cute,0.001197809
without,0.003814793
freak,0.000397882
liter,0.000650803
ador,0.000328677
34cooking34,9.52E-05
isnt,0.002277096
option,0.002682222
your,0.002152863
guy,0.001246914
mention,0.001151135
overtherang,0.000931629
hood,0.001151135
pantri,9.52E-05
bill,0.001036238
1234,0.000754849
multipl,0.00154128
rewarm,0.000341371
okay,0.000945366
speed,0.001837558
zap,0.000328677
handi,0.00087784
parent,0.000328677
christma,0.001012892
six,0.001101003
father,9.52E-05
process,0.001246914
past,0.00192736
keep,0.00351383
schedul,0.001064719
plu,0.002471996
particularli,0.000528395
quieter,0.000650803
note,0.001813985
fortun,0.000766903
pro,0.001050033
itor,9.52E-05
34home34,9.52E-05
ta,0.000256028
yall,9.52E-05
powerhors,9.52E-05
decent,0.001101003
today,0.002007691
thin,0.000780515
lightnorm,9.52E-05
break,0.002007691
cost,0.004968583
vertic,0.000178868
special,0.000984406
galley,0.000256028
proven,0.000341371
meet,0.000766903
500,0.00101236
learn,0.001482
mfg,0.000178868
offer,0.002174998
terribl,0.001235193
hot,0.002750148
supplier,0.000464304
ship,0.003948372
concern,0.001772245
plung,9.52E-05
glad,0.000650803
advertis,0.001496514
stand,0.00154128
effort,0.00060388
simplif,9.52E-05
peril,9.52E-05
hope,0.003044928
samsung,0.00916877
firstit,9.52E-05
consid,0.002040768
live,0.002094472
nyc,0.000328677
secondth,9.52E-05
thirdther,9.52E-05
shake,0.000256028
tough,0.000328677
environ,9.52E-05
addit,0.002452263
expediti,9.52E-05
particular,0.001131264
shortcom,0.000178868
noth,0.00293186
outstand,0.000397882
reason,0.003275604
cheap,0.0020708
somewher,0.000256028
7,0.001295297
cubic,0.001324651
hamster,9.52E-05
area,0.00222414
bell,0.001036238
whistl,0.000984406
dehumidifi,9.52E-05
slid,0.000256028
definit,0.002118229
ikea,0.000328677
pleasantli,0.000256028
surpris,0.001330249
sacrific,0.000178868
fantast,0.000822961
edit,0.000328677
id,0.002397768
whatsoev,0.000397882
backroom,9.52E-05
say,0.004384404
specif,0.001511646
applic,0.000780515
broken,0.001526778
leav,0.002201881
rest,0.000984406
consider,0.000464304
swap,0.000397882
chisel,9.52E-05
snip,0.000178868
cut,0.001312541
tab,0.000464304
sheet,0.00087534
connector,0.000256028
revers,0.000341371
busi,0.000998174
reassembl,9.52E-05
hardwar,0.001264354
store,0.002109669
scaveng,9.52E-05
unus,0.000256028
electron,0.001757298
builder,0.00060388
suddenli,0.00087784
odd,0.000709559
kill,0.000256028
zero,0.000709559
repres,0.00060388
safeti,0.001147944
perhap,0.001326844
stuck,0.001087183
gun,0.000178868
repairman,0.00172927
blame,0.000256028
board,0.002811036
pick,0.000931629
choos,0.001295297
decid,0.002383007
pop,0.002453844
ridicul,0.000780515
concept,0.000636611
34seemed34,9.52E-05
neighbor,0.000410847
within,0.002562008
altern,0.000464304
similar,0.002119229
4th,0.000178868
buyer,0.00087784
bewar,0.000766903
regularli,0.000341371
1100,0.000960121
fact,0.002119229
excess,0.000410847
remind,0.000830334
plenti,0.000931629
person,0.002306093
prefer,0.001470895
though,0.003291761
line,0.002171185
knock,0.000328677
nonslip,0.000493016
mat,0.000178868
enamor,9.52E-05
constant,0.000464304
kid,0.000931629
allow,0.002141372
evil,0.000268303
stare,0.000178868
ask,0.002670242
redhead,9.52E-05
stepchild,9.52E-05
relax,9.52E-05
21,0.000256028
check,0.002631516
perform,0.002429183
faster,0.001131264
defect,0.001616235
olver,9.52E-05
downsiz,0.000178868
wiseman,9.52E-05
thoroughli,0.00060388
hotter,0.000397882
anyth,0.003694717
tend,0.000410847
loudbut,9.52E-05
anticip,9.52E-05
shouldv,0.000256028
dimens,0.001012892
clear,0.001813985
closur,0.000256028
folk,0.000328677
tight,0.000836621
adjust,0.000822961
thisa,9.52E-05
aggrav,0.000256028
shove,0.000178868
notei,9.52E-05
figur,0.00192736
ahead,0.000664289
shut,0.00230929
misshav,9.52E-05
written,0.000328677
miss,0.00145118
fearedy,9.52E-05
cookoh,9.52E-05
gon,0.000178868
na,0.000328677
atamazon,9.52E-05
chosen,0.000328677
lump,9.52E-05
wherea,9.52E-05
wide,0.001080418
measur,0.00111566
given,0.001526778
TRUE,0.00060388
dissappoint,9.52E-05
properli,0.0015855
degreas,0.000178868
tape,0.000976058
unhelp,0.000328677
chase,0.000178868
promis,0.000738098
goe,0.002001481
futur,0.000650803
requir,0.002507735
mother,0.000477458
40,0.000590479
fuse,0.000723114
12500,9.52E-05
henc,0.000328677
exact,0.001784614
outward,9.52E-05
compar,0.001672379
feb,0.000328677
outlet,0.001165768
return,0.004078256
window,0.000780515
mar,9.52E-05
17,0.000723114
meal,0.001561338
frozen,0.003275969
advantag,0.000397882
yo,0.000178868
supervis,0.000178868
portabl,0.000341371
washer,0.000679365
e,0.000341371
spin,0.000766903
cycl,0.001282997
veryeffect,9.52E-05
wash,0.000541688
pair,0.000178868
man,0.001215087
jean,9.52E-05
tshirt,9.52E-05
protect,0.000709559
plan,0.00145118
exactli,0.002026355
descript,0.000945366
success,0.000836621
dishwash,0.001131264
rack,0.001837558
highest,0.000256028
lever,9.52E-05
rais,0.000575185
tool,0.000341371
audibl,0.000178868
snap,0.000477458
settl,0.000178868
attent,0.000397882
forc,0.000541688
destroy,0.000464304
stress,0.000178868
import,0.000836621
sidespecif,9.52E-05
left,0.00296552
switch,0.001640677
carri,0.000795426
load,0.000738098
spare,0.000650803
ensur,0.000328677
specifi,0.000178868
ice,0.000493016
drink,0.000397882
cool,0.001951921
collect,0.000178868
friend,0.001050033
famili,0.001951921
excit,0.000328677
chang,0.002080166
gripe,9.52E-05
26,0.000256028
explod,0.000397882
kept,0.001215087
cheapo,0.000178868
bulb,0.002202005
night,0.001283059
blew,0.000780515
uncomfort,0.000178868
comment,0.001296953
comfort,0.000178868
plug,0.002007691
explain,0.001056789
lightbulb,0.000328677
200,0.001230532
ugh,0.000256028
i34m,9.52E-05
market,0.000650803
cabinet,0.005915993
regular,0.001840383
serv,0.000984406
harder,0.000328677
uuim6,9.52E-05
uk7n,9.52E-05
late,0.000541688
obviou,0.001028701
worsen,9.52E-05
neg,0.001657907
experienc,0.000528395
directli,0.001064719
favorit,0.000397882
spacesav,0.00060388
stem,9.52E-05
revolv,0.000410847
might,0.002136387
duh,9.52E-05
5yo,9.52E-05
8yo,9.52E-05
onin,9.52E-05
stuff,0.000960121
rotisseri,9.52E-05
chicken,0.000993383
whatnot,9.52E-05
superpleas,9.52E-05
mw,0.000619072
lookwis,9.52E-05
microwaveit,9.52E-05
reviewsqa,9.52E-05
factjust,9.52E-05
confirm,0.000650803
save,0.002739798
studio,0.000328677
estat,0.000256028
sturdi,0.000590479
construct,0.001131264
dock,9.52E-05
2month,0.000178868
rude,9.52E-05
dryer,0.000541688
luckili,0.000836621
rare,0.000541688
method,0.000541688
faulti,0.000795426
spread,0.000178868
occurr,9.52E-05
chat,0.000894342
rep,0.001064719
hour,0.002682378
declin,9.52E-05
owner,0.001440182
state,0.001605751
mess,0.000738098
forward,0.000945366
yeah,0.000256028
convers,0.000590479
session,9.52E-05
log,9.52E-05
transcript,9.52E-05
722015,9.52E-05
45435,9.52E-05
pm,0.004950437
length,0.00060388
1841,9.52E-05
name,0.000664289
rafael,0.002380018
vazquez,0.002094416
michel,0.003046423
paulsen,9.52E-05
454,9.52E-05
hello,0.000190401
welcom,0.000256028
usa,0.000464304
support,0.00145118
provid,0.001820389
455,0.000190401
hi,0.000268303
456,0.000571204
sorri,0.000780515
hear,0.001360062
troubleshoot,0.000696456
step,0.000811908
thislol,9.52E-05
inadequ,0.000328677
suppli,0.000528395
test,0.001342991
457,0.000571204
mug,0.000679365
bowl,0.001642759
clearoff,0.000178868
reset,0.001295297
keypad,0.002271951
60,0.000709559
startpaus,0.000178868
458,0.000285602
459,9.52E-05
ye,0.001735957
acceler,9.52E-05
dedic,0.000464304
circuit,0.001918559
breaker,0.001277207
501,0.000571204
503,0.000285602
cooper,9.52E-05
patienc,9.52E-05
regard,0.000723114
visit,0.00090634
technician,0.00160056
diagnos,0.000766903
correct,0.001358712
date,0.000931629
504,0.000285602
suck,0.000590479
common,0.000891541
5914,9.52E-05
extend,0.001572112
505,0.000285602
delight,9.52E-05
author,0.000960121
zip,0.000178868
code,0.00193606
76306,9.52E-05
506,0.000190401
kindli,0.000178868
upon,0.001050033
freeman,9.52E-05
5802552676,9.52E-05
507,0.000285602
4325,9.52E-05
n,9.52E-05
highway,9.52E-05
81,9.52E-05
duncan,9.52E-05
509,0.000285602
respect,0.000178868
decis,0.000328677
assist,0.000410847
511,9.52E-05
nope,0.000256028
horribl,0.001012892
ownersr,9.52E-05
obvious,0.001200477
compon,0.001064339
512,0.000285602
file,0.000178868
report,0.002542422
catch,0.000766903
fire,0.002738925
pleasur,0.000256028
via,0.000738098
18002430000,9.52E-05
appreci,0.000464304
equip,0.00060388
mom,0.000328677
mno,9.52E-05
thu,0.000891541
honestli,0.00060388
9,0.001200477
linear,9.52E-05
avail,0.002362994
stick,0.001390715
2010,0.000780515
saw,0.001101003
se,0.001855678
error,0.00248992
research,0.001283059
meant,0.000590479
steam,0.002057403
underneath,0.000590479
sensor,0.002290166
malfunct,0.000664289
basi,0.000256028
thrill,0.000528395
cautiou,9.52E-05
watch,0.000590479
34bake,0.000178868
potato34,0.000178868
screen,0.000851471
period,0.001181287
chalk,0.000178868
lesson,0.000256028
televis,0.000477458
opt,0.000528395
fast,0.002535182
monogram,0.000268303
dc,9.52E-05
drawer,0.002754815
handyi,9.52E-05
post,0.001390715
perk,9.52E-05
haywir,9.52E-05
flash,0.000590479
67,9.52E-05
dollar,0.000851471
blow,0.000766903
24,0.000931629
serg,9.52E-05
flicker,0.000256028
irrit,0.000477458
unsettl,9.52E-05
walmartat,9.52E-05
least,0.002596948
legitim,0.000178868
cart,9.52E-05
700,0.001206251
caviti,0.000650803
jt,9.52E-05
expos,0.000709559
wheel,0.000679365
rotari,9.52E-05
devic,0.000836621
fresh,0.000541688
34new34,0.000178868
dri,0.001181287
rid,0.000650803
fume,0.000410847
aaaa,9.52E-05
shipment,0.000477458
stylish,0.000541688
toaster,0.00121547
claim,0.000795426
toast,0.000464304
aw,0.000723114
confus,0.000976058
till,0.000256028
curv,0.000541688
82615,9.52E-05
rereview,9.52E-05
tabl,0.000984406
suit,0.000328677
cafe,0.000959528
refriger,0.001873606
approxim,0.000766903
stay,0.00222414
seen,0.001165768
four,0.00189696
knob,0.000528395
melt,0.001761666
advis,0.000891541
300,0.000590479
dispens,0.000341371
round,0.001605751
comp,9.52E-05
quot,0.000256028
122500,9.52E-05
labor,0.00183768
10000mi,9.52E-05
respons,0.001771843
poster,9.52E-05
suggest,0.001296953
toward,0.000528395
shot,0.000328677
75000,9.52E-05
vs,0.000830334
1225,9.52E-05
sharehold,9.52E-05
outrag,9.52E-05
type,0.001326844
irrespons,9.52E-05
multipli,9.52E-05
activ,0.000328677
thousand,0.000341371
serious,0.000397882
gone,0.000984406
lost,0.000709559
poor,0.00189696
bought110v,9.52E-05
underpow,0.000664289
strongli,0.000464304
220v,0.000380803
advantium,0.001132274
rewir,0.000256028
12,0.003598196
element,0.001185214
halogen,0.000928608
burnt,0.000940048
3rd,0.00060388
infrar,0.000285602
near,0.001137294
instant,9.52E-05
pizza,0.001686245
recip,0.000477458
reli,0.000256028
heater,0.000268303
characterist,9.52E-05
bother,0.000464304
reprogram,0.000328677
34cooked34,9.52E-05
uncook,9.52E-05
34floppi,9.52E-05
slices34,9.52E-05
consum,0.002018389
relat,0.000493016
told,0.003804692
sell,0.001036238
execut,0.000541688
imagin,0.000528395
34crome34,9.52E-05
websit,0.000650803
refus,0.001131264
appoint,0.000960121
agre,0.001215087
dodg,9.52E-05
amazonlesson,9.52E-05
92,9.52E-05
wit,9.52E-05
substanti,0.000178868
togeth,0.000650803
defrost,0.002892761
meat,0.001028701
statu,9.52E-05
friendli,0.000397882
albeit,0.000256028
shop,0.000960121
sold,0.000766903
short,0.002351001
soften,0.000477458
led,0.000931629
eleg,0.000464304
transit,0.000178868
exhaust,0.002211048
bright,0.000945366
lack,0.00154128
huge,0.001829414
diy,9.52E-05
approv,0.000256028
choic,0.001249071
inde,0.000464304
exorbit,9.52E-05
absolut,0.001344157
anyon,0.001976651
mark,0.000867737
cord,0.001330899
forwhich,9.52E-05
isomalt,9.52E-05
sugar,9.52E-05
art,0.000256028
logic,0.000541688
1200,0.000766903
hit,0.001903052
landlord,9.52E-05
contrapt,9.52E-05
incess,0.000328677
drive,0.000619072
mad,0.000178868
cours,0.001376793
there,0.001820389
internet,0.000822961
search,0.001279039
fate,9.52E-05
soon,0.001087183
wheelchair,9.52E-05
heart,9.52E-05
content,0.000410847
across,0.001186617
absurd,0.000178868
ceas,0.000410847
anger,9.52E-05
slowli,0.000328677
cancel,0.000477458
ad,0.001373978
listen,0.000464304
siren,9.52E-05
song,9.52E-05
idioci,9.52E-05
mean,0.001543991
wtf,9.52E-05
field,9.52E-05
beat,0.00087784
basebal,9.52E-05
bat,9.52E-05
tinni,9.52E-05
slam,0.000464304
itt,9.52E-05
o,9.52E-05
display,0.002802695
increment,0.001303022
complic,0.000590479
input,0.000178868
array,9.52E-05
tthe,9.52E-05
kit,0.001115495
unload,9.52E-05
reload,9.52E-05
manufactur,0.002246513
chanc,0.000998174
7,0.000477458
fanci,0.000709559
34snow,9.52E-05
white34,9.52E-05
realiti,0.000178868
follow,0.001761666
spray,0.001424827
brush,0.000696456
amaz,0.001151135
ton,0.000397882
pad,0.00171912
torn,0.000268303
chew,9.52E-05
especi,0.001629193
sturdier,9.52E-05
nicer,0.000178868
key,0.001649647
undercarriag,9.52E-05
smoother,9.52E-05
describedon,9.52E-05
pure,0.000397882
sine,9.52E-05
speedi,0.000256028
dent,0.00160056
neither,0.000709559
felt,0.000650803
convect,0.004921235
emit,0.000178868
god,0.000528395
smoke,0.001378168
agreement,0.000178868
unfortun,0.001436654
resolut,9.52E-05
lemon,0.000822961
caveat,0.000341371
martha,9.52E-05
bignot,9.52E-05
fashion,0.000528395
34hard34,9.52E-05
mechan,0.000891541
l,0.000178868
weak,0.000464304
manag,0.000528395
age,0.000397882
microconvect,0.000268303
variou,0.000397882
sizabl,9.52E-05
exterior,0.000836621
upper,0.000851471
pain,0.00087784
merchandis,0.000256028
sourc,0.000256028
louder,0.000650803
associ,0.000178868
thru,0.000664289
intuit,0.001186617
eas,0.000709559
gotten,0.000528395
petti,9.52E-05
technolog,9.52E-05
advanc,0.000328677
deciph,9.52E-05
spectacular,0.000178868
danger,0.001050033
event,0.000410847
bread,0.001394369
samsumg,9.52E-05
tooooo,9.52E-05
ear,0.000341371
pierc,9.52E-05
retir,0.000178868
welllov,9.52E-05
morebas,9.52E-05
220,0.000178868
ol,0.000178868
110,0.000178868
microwavecombo,9.52E-05
separ,0.001050033
grant,0.000256028
yearsno,9.52E-05
stupidlybas,9.52E-05
initi,0.00087784
toprat,9.52E-05
sanyo,0.000178868
kvetch,9.52E-05
timerus,9.52E-05
conflict,9.52E-05
wickedlyeasi,9.52E-05
tone,0.000256028
obnoxi,0.000541688
installlook,9.52E-05
bed,9.52E-05
storag,0.00087534
saver,0.000780515
somewhat,0.00090634
flimsi,0.000709559
bubbl,0.000795426
50,0.001246914
island,0.000851471
bonu,0.000477458
compacts,9.52E-05
warm,0.002817061
trick,0.000541688
exampl,0.001147944
mealsiz,9.52E-05
portion,0.000619072
contain,0.001631986
exceed,0.000528395
inch,0.002488328
awar,0.00087784
34microwav,9.52E-05
chart34,9.52E-05
youll,0.001165862
chart,0.000268303
print,0.00090634
cupboard,0.000464304
consult,0.000178868
convert,0.000256028
shown,0.000410847
dremel,9.52E-05
motto,9.52E-05
ann,9.52E-05
flare,9.52E-05
newer,0.000464304
cabinetri,0.000397882
bastard,9.52E-05
chocol,0.000256028
cake,0.000397882
cooki,0.000341371
face,0.00111566
30second,0.000328677
addon,9.52E-05
remedi,0.000178868
materi,0.000780515
34lip34,9.52E-05
clasp,9.52E-05
prevent,0.000664289
slip,0.000256028
productbut,9.52E-05
crap,0.000619072
weird,0.00060388
chip,0.000960121
moistur,0.000836621
wast,0.001376793
compart,0.000178868
pass,0.000822961
um,0.000178868
hadnt,0.000590479
bunk,9.52E-05
begin,0.000836621
lb,0.000464304
household,0.000709559
pork,9.52E-05
chop,9.52E-05
split,0.000328677
freez,0.000178868
higher,0.001249071
reduc,0.000738098
restrict,9.52E-05
dissatisfi,0.000256028
mainli,0.000328677
anywher,0.000822961
maker,0.000493016
spacer,0.000426714
brittl,0.000178868
tighten,0.000256028
assembl,0.000477458
80,0.000397882
yourself,9.52E-05
dam,9.52E-05
shame,0.000766903
american,0.000477458
fall,0.001676096
victim,0.000178868
gue,9.52E-05
morrow,9.52E-05
everth,0.000178868
recycl,0.000410847
bin,9.52E-05
drawn,0.000178868
tremend,0.000477458
casual,0.000178868
forearm,9.52E-05
children,0.000256028
3month,9.52E-05
teeth,9.52E-05
paid,0.001436654
deliver,9.52E-05
fake,9.52E-05
dim,0.000528395
caught,0.000922427
sat,0.000178868
35,0.000464304
held,0.000998174
account,0.000256028
wmc20005yw,9.52E-05
hazard,0.00111566
filter,0.001303022
accur,0.000723114
terrifi,9.52E-05
ancient,9.52E-05
electr,0.001886583
overtax,9.52E-05
retro,0.000256028
spaciou,0.000528395
startstop,0.000256028
34cancel34,9.52E-05
darn,0.000464304
cancelstop,9.52E-05
meantim,0.000178868
cardboardi,9.52E-05
mica,9.52E-05
tempt,0.000256028
toss,9.52E-05
shini,9.52E-05
chrome,9.52E-05
fill,0.001028701
slicklook,9.52E-05
950,0.000575185
instead,0.002595088
cosmet,0.00060388
treat,0.000341371
rel,0.000590479
shortest,9.52E-05
elsewher,0.000709559
averag,0.000650803
grab,0.000178868
designeasi,9.52E-05
cleanhav,9.52E-05
turnabl,9.52E-05
shaft,9.52E-05
alter,0.000178868
feedback,0.000528395
numer,0.001344157
met,0.000590479
spark,0.000984406
mstainless,9.52E-05
gift,0.000650803
bargain,0.000341371
oppress,9.52E-05
random,0.000328677
z,9.52E-05
po,0.000256028
intellig,0.000178868
discontinu,0.000256028
natur,0.000541688
disconnect,0.000268303
alarm,0.00060388
bolt,0.001064339
gentli,0.000178868
itd,9.52E-05
becom,0.000766903
frequent,0.000679365
son,0.000664289
text,0.000410847
tonight,0.000256028
dread,0.000397882
uncommon,9.52E-05
arent,0.000836621
housecal,0.000178868
lousi,0.000328677
shpping,9.52E-05
brick,0.000178868
mortar,9.52E-05
whose,0.000178868
returnservic,9.52E-05
polici,0.000867737
easygo,9.52E-05
obsolet,9.52E-05
prep,0.00090634
stock,0.000528395
ect,9.52E-05
half,0.00196181
shoot,0.000256028
unsavori,9.52E-05
refurbish,0.000723114
34trimmed34,9.52E-05
hole,0.004216553
templat,0.001903185
dead,0.001200477
yesterday,0.000822961
heavier,0.000341371
rememb,0.000891541
34servic,9.52E-05
keyboard,0.00060388
shorted34,9.52E-05
165,0.000178868
smart,0.000528395
150never,9.52E-05
productsbuy,9.52E-05
innov,9.52E-05
coutnerspac,9.52E-05
theyr,0.000822961
accept,0.000780515
ring,0.000397882
dislodg,0.000178868
object,0.000328677
finger,0.000464304
sizework,0.000178868
slight,0.000256028
kinda,0.000178868
stiff,0.000178868
video,0.000650803
youtub,0.000464304
nov,0.000178868
tv,0.001311524
tuck,0.000709559
clutter,0.000256028
yearit,9.52E-05
recipi,9.52E-05
inform,0.001436431
needless,0.000256028
discourag,9.52E-05
speak,0.001036238
bot,9.52E-05
wok,9.52E-05
entri,0.000256028
2011,0.001482232
unpop,9.52E-05
kernel,0.000477458
modern,0.000464304
everyday,0.000328677
fatherinlaw,9.52E-05
term,0.000922427
ac,0.000268303
1500w,9.52E-05
inexpens,0.000464304
occur,0.000723114
dy,9.52E-05
lit,0.000328677
temp,0.000664289
corningwar,9.52E-05
standard,0.001693044
1134,0.000256028
115,0.000178868
mediocr,0.000541688
landscap,9.52E-05
leaf,9.52E-05
blower,9.52E-05
condo,0.000664289
1969,9.52E-05
2012,0.001131264
frigidair,0.002297702
charg,0.00211526
estim,0.000397882
20000,0.000256028
arrow,9.52E-05
nonetheless,0.000256028
unabl,0.000528395
tag,0.000256028
action,0.000619072
shift,0.000256028
90,0.000650803
grandfath,0.000178868
burst,0.000328677
flame,0.001064339
rear,0.001185214
shelf,0.00157505
town,0.000256028
energi,0.000397882
gross,9.52E-05
blob,9.52E-05
crowd,9.52E-05
lightweight,0.000178868
interest,0.000851471
featuresappear,9.52E-05
upgrad,0.000709559
dive,0.000178868
catastroph,9.52E-05
eg,0.000557034
induct,9.52E-05
sort,0.000664289
stori,0.000891541
insult,9.52E-05
regist,0.000328677
system,0.000822961
law,0.000328677
base,0.001616235
emphasi,9.52E-05
pattern,0.000256028
reliabl,0.001632578
previous,0.001012892
1250w,9.52E-05
monster,0.000328677
unceremoni,9.52E-05
eat,0.000590479
tad,0.000178868
trigger,0.000256028
crazi,0.000328677
impati,0.000256028
ala,9.52E-05
bullet,9.52E-05
mac,9.52E-05
liaison,9.52E-05
whatev,0.000709559
highli,0.001852821
usag,0.000891541
moder,0.000477458
drone,9.52E-05
conditon,9.52E-05
scariest,9.52E-05
trust,0.000960121
hing,0.000541688
flush,0.000464304
placement,0.000178868
speedili,9.52E-05
afford,0.000590479
cafeacut,9.52E-05
mask,0.000410847
squirt,9.52E-05
minimum,0.000328677
odor,0.00060388
sheen,9.52E-05
temporari,0.000256028
endem,9.52E-05
flake,0.000541688
constantli,0.000178868
forev,0.000528395
emerg,9.52E-05
combo,0.000709559
circul,0.000178868
holiday,0.000541688
disast,0.000256028
memor,9.52E-05
sequenc,0.000410847
essenti,0.000664289
extraordinari,0.000178868
rice,0.000959528
polenta,9.52E-05
stage,0.000341371
incred,0.000397882
errat,0.000341371
degre,0.001115495
350,0.000410847
400,0.001101003
maximum,0.000178868
612,0.000178868
10someth,9.52E-05
830,9.52E-05
1someth,9.52E-05
beeper,0.000397882
avoid,0.000945366
what,0.000664289
sear,0.000709559
expext,9.52E-05
trap,0.000256028
droplet,9.52E-05
ten,0.000723114
expectationy,9.52E-05
atleast,9.52E-05
layeri,9.52E-05
resultsthank,9.52E-05
niec,9.52E-05
sent,0.001975399
worrisom,9.52E-05
bump,9.52E-05
spindl,0.000328677
grind,0.000178868
up,0.001371602
openclos,0.000328677
bend,0.000397882
platter,0.000178868
former,0.000464304
44,0.000268303
delay,0.000477458
22515,9.52E-05
certain,0.000922427
gener,0.001937833
jem31wa,9.52E-05
2,9.52E-05
34bottom34,9.52E-05
34voila34,9.52E-05
anyway,0.001358712
troubleshot,9.52E-05
tube,0.000851224
graciou,9.52E-05
martin,9.52E-05
inc,0.000178868
counterspac,0.000650803
weaker,9.52E-05
practic,0.000590479
throw,0.000984406
smh1816,0.000178868
34blew34,9.52E-05
lesser,0.000178868
34unscrew34,9.52E-05
began,0.000891541
strang,0.000464304
34over,0.000178868
cook34,9.52E-05
eye,0.000397882
34now,9.52E-05
then34,9.52E-05
scari,0.000590479
buttonkept,9.52E-05
recours,0.000268303
deserv,0.000541688
creat,0.001234442
stonewar,9.52E-05
convent,0.000830334
accordingli,0.000477458
largest,0.000464304
smallest,0.000178868
distinct,9.52E-05
setup,0.000328677
august,0.000528395
februari,0.000328677
flaw,0.001165768
favor,0.000464304
awhil,9.52E-05
school,0.000590479
examin,0.000178868
wehich,9.52E-05
oster,9.52E-05
ogb8902b09,9.52E-05
becam,0.000590479
grandmoth,9.52E-05
slick,0.000178868
laid,0.000178868
transform,9.52E-05
curcuit,9.52E-05
surg,0.000178868
175,0.000256028
rough,0.000178868
perman,0.000178868
intensifi,9.52E-05
cheapest,0.000397882
tabletop,9.52E-05
lastli,0.000178868
wow,0.000795426
preciou,0.000256028
fullsiz,0.000328677
mistak,0.001050033
wet,0.000256028
spong,9.52E-05
liquid,0.000541688
doubt,0.000328677
shortli,0.000328677
leak,0.000328677
34drawer,9.52E-05
thing34,9.52E-05
idea,0.001181287
reluctantli,0.000178868
uniqu,0.000541688
admit,0.000328677
cookwar,0.000268303
waist,9.52E-05
adult,9.52E-05
34sensor,0.000178868
reheat34,0.000178868
restaur,9.52E-05
evid,0.000256028
34senses34,9.52E-05
smile,0.000256028
34door34,0.000178868
signal,9.52E-05
pathet,9.52E-05
tear,0.000328677
hidden,0.000464304
scotch,0.000178868
microwaveoven,0.000256028
bar,0.000328677
climb,9.52E-05
stool,0.000178868
repli,0.000256028
earlier,0.001200477
unopen,9.52E-05
dinosaur,9.52E-05
70,0.000256028
receptacl,9.52E-05
stellar,0.000178868
trip,0.000993383
electrician,0.000178868
meanwhil,0.000178868
stepstool,9.52E-05
34express34,9.52E-05
34crusti,0.000178868
plate34,0.000178868
badli,0.000256028
fell,0.000650803
100,0.001420472
readout,0.000410847
member,0.000256028
mile,0.000256028
he,0.000328677
softenmelt,0.000285602
capabl,0.000464304
drawback,0.000464304
accomplish,0.000410847
sec,0.000464304
duct,0.000464304
height,0.001249071
amp,9.52E-05
gfi,9.52E-05
classroom,9.52E-05
hasnt,0.000780515
nicest,0.000268303
crisp,0.000328677
gill,9.52E-05
crispi,0.001132274
varieti,0.000256028
preset,0.000945366
veggi,0.000795763
scratchresist,9.52E-05
smudg,0.000178868
fingerprint,0.000397882
foot,0.000541688
111116,9.52E-05
h,0.000178868
2038,9.52E-05
w,0.000341371
151316,9.52E-05
d,9.52E-05
theyv,0.000256028
34spaciou,9.52E-05
accommod,0.000738098
snack,0.000397882
items34,9.52E-05
indent,9.52E-05
capac,0.000795426
pour,0.000178868
honesti,0.000178868
dupe,9.52E-05
weight,0.001181287
displeas,0.000268303
threw,0.000528395
bigso,9.52E-05
adequ,0.000945366
quicki,9.52E-05
chees,0.000636611
medium,0.000528395
34crisp34,9.52E-05
soft,0.000268303
easytous,9.52E-05
34grill34,9.52E-05
cumbersom,0.000256028
dweller,9.52E-05
amzngot,9.52E-05
warehous,0.000341371
liber,0.000178868
hada,9.52E-05
34one,9.52E-05
minute34,9.52E-05
ceram,0.000738098
theori,9.52E-05
bacon,0.00077384
retain,0.000328677
egg,0.000328677
roll,0.000341371
gimmicki,9.52E-05
taller,0.000528395
pan,0.001590851
wan,9.52E-05
mcnugget,9.52E-05
minor,0.000709559
edg,0.001115495
profil,0.002454284
wire,0.001064719
possibl,0.001436431
coverag,0.000557034
dripscould,9.52E-05
painter,9.52E-05
textur,0.000357737
smooth,0.000709559
trade,0.000541688
anytim,0.000178868
blemish,9.52E-05
½,0.000178868
strip,0.000268303
subject,0.000328677
suffici,0.000328677
dispers,9.52E-05
fri,0.003060223
overnight,0.000256028
werent,0.000328677
800,0.000822961
fifti,9.52E-05
haopen,9.52E-05
altogeth,0.000256028
june,0.000766903
disclosur,0.000256028
coupon,0.000256028
pc,9.52E-05
richard,9.52E-05
salesman,0.000178868
62,0.005097751
whenev,0.000464304
linger,9.52E-05
floor,0.000477458
ceil,0.000619072
drip,0.000397882
muggi,9.52E-05
mungi,9.52E-05
moldi,9.52E-05
block,0.000464304
lifetim,0.000464304
photo,0.000541688
disabl,0.000190401
arthriti,0.000190401
warn,0.001165768
grove,0.000268303
shallow,0.000341371
nudg,0.000268303
email,0.001673243
answered62,9.52E-05
walmart,0.000650803
cardboard,0.001597078
inlet,0.000410847
absorb,0.000178868
deterior,0.000178868
noisier,0.000541688
instanc,0.000341371
8x,9.52E-05
topofthelin,0.000178868
nuff,0.000178868
34add,0.000268303
seconds34,9.52E-05
3touch,9.52E-05
nineti,9.52E-05
ps,0.000397882
obscen,9.52E-05
2434,0.000178868
men,0.000328677
diagnost,0.000557034
180,0.000178868
34sorri,0.000178868
over34,9.52E-05
suction,0.000256028
onetot,9.52E-05
yearsstay,9.52E-05
microwavesjunk,9.52E-05
asham,0.000178868
oatmeal,0.000328677
costco,9.52E-05
retail,0.000650803
prove,0.000256028
10000,0.000328677
24999,9.52E-05
intend,0.000256028
15000,0.000256028
procedur,0.000268303
112,9.52E-05
flawlessli,0.000464304
memori,0.000178868
winner,0.000178868
unbeat,0.000178868
bench,9.52E-05
stone,0.000178868
7pm,9.52E-05
typic,0.000836621
odorbut,9.52E-05
vapor,0.000512057
accumul,9.52E-05
retent,0.000178868
cuft,0.000341371
carous,9.52E-05
pound,0.000636611
rowdi,9.52E-05
teenag,0.000256028
silent,0.000178868
smartphon,0.000178868
meter,0.000357737
app,0.000178868
65db,9.52E-05
premium,0.000328677
aesthet,0.000590479
besid,0.000178868
popcornpizzabeverag,9.52E-05
independ,0.000397882
releas,0.000477458
industri,0.000268303
spoke,0.000636611
slot,0.000328677
fragil,0.000178868
mold,0.000178868
street,0.000256028
useless,0.000590479
english,9.52E-05
debat,0.000256028
misinform,9.52E-05
mistaken,9.52E-05
detail,0.000328677
appl,0.000190401
orang,0.000190401
whoever,0.000268303
dealer,0.000738098
record,0.000328677
straight,0.000754849
wrote,0.000738098
sen,9.52E-05
blend,0.000341371
34open,9.52E-05
button34,0.000178868
polish,0.000357737
magnet,0.000341371
misconcept,9.52E-05
grillmicrowav,9.52E-05
34grill,9.52E-05
cooking34,9.52E-05
34work34,9.52E-05
microwaveonli,9.52E-05
abil,0.000493016
util,0.000397882
effect,0.000723114
critic,0.000464304
unfair,0.000178868
comparison,0.000178868
standalon,0.000476004
enamel,0.000328677
seamlessli,0.000178868
greatli,9.52E-05
enhanc,0.000178868
distribut,0.000268303
pasta,0.000328677
crust,0.000178868
heavyduti,0.000190401
gaug,9.52E-05
vast,0.000178868
necessarili,0.000178868
lead,0.000328677
accident,0.000477458
boil,0.001295297
shield,0.000178868
balanc,0.000178868
fluctuat,9.52E-05
wildli,9.52E-05
believ,0.001036238
179,9.52E-05
230,0.000328677
19999,0.000190401
msrp,0.000268303
flexibl,0.000190401
galaxi,0.000190401
s4,0.000190401
cellphon,0.000268303
overkil,0.000190401
spoil,0.000190401
prais,0.000268303
bet,0.000268303
disappointedn,9.52E-05
cooker,0.000493016
primarili,0.000178868
versatil,0.000410847
parchment,0.000285602
paper,0.001378168
preheat,0.001358729
interrupt,0.000190401
frame,0.000696456
solidli,0.000256028
accompani,9.52E-05
percol,9.52E-05
primari,0.000397882
flip,0.000397882
bagel,9.52E-05
russet,9.52E-05
partial,0.000256028
sweet,9.52E-05
breast,0.000256028
batter,0.000178868
shrimp,0.000178868
satisfact,0.000178868
ineed,9.52E-05
nono,9.52E-05
remain,0.000493016
afterward,9.52E-05
hubbi,0.000190401
ran,0.000528395
dicey,9.52E-05
frankli,0.000178868
slim,0.001352798
multifunct,0.000178868
skeptic,9.52E-05
equat,0.000178868
ovenconvect,9.52E-05
conclud,0.000178868
finagl,9.52E-05
ignor,0.000178868
invest,0.000397882
reserv,0.000190401
thaw,0.000557034
superior,0.000178868
bear,0.000256028
nonmetal,9.52E-05
dec,0.000178868
2016,0.000178868
34combi34,9.52E-05
singletemperatur,9.52E-05
hamburg,0.000190401
tast,0.000341371
mirror,0.000190401
1000watt,9.52E-05
tip,0.000664289
greas,0.000512057
splatter,0.000341371
roof,0.000397882
bon,9.52E-05
ami,9.52E-05
scratch,0.000679365
countri,9.52E-05
propan,0.000190401
gaspow,9.52E-05
inferno,9.52E-05
clearanc,0.000493016
bum,9.52E-05
middl,0.000650803
34frozen,9.52E-05
vegetable34,9.52E-05
girl,0.000256028
starter,9.52E-05
shorter,0.000836621
dirti,0.000256028
jack,0.000178868
franc,9.52E-05
wig,9.52E-05
argu,9.52E-05
kb6524p,0.000190401
13,0.001440182
295,9.52E-05
stronger,0.000178868
610,9.52E-05
tendenc,0.000178868
modifi,0.000178868
134,0.000178868
leeri,9.52E-05
broil,0.000426714
pace,0.000178868
interfac,0.000696456
extrapol,9.52E-05
foodstuff,0.000178868
delici,0.000190401
messi,9.52E-05
twenti,0.000256028
selfexplanatori,9.52E-05
calcul,0.000178868
tediou,0.000178868
japanes,9.52E-05
sticki,9.52E-05
stir,0.000664289
mushi,9.52E-05
ined,9.52E-05
accord,0.000256028
grain,9.52E-05
neglect,9.52E-05
word,0.000709559
impress,0.000709559
berri,9.52E-05
predetermin,9.52E-05
egregi,9.52E-05
oilless,9.52E-05
fryer,0.000178868
eight,0.000178868
crisper,9.52E-05
sister,0.000256028
quantiti,0.000256028
32,0.000190401
mcdonald,9.52E-05
park,0.000256028
fryless,9.52E-05
admittedli,9.52E-05
dessert,9.52E-05
chef,0.000821693
constraint,9.52E-05
task,0.000464304
determin,0.000696456
celebr,0.000190401
compet,0.000268303
clue,0.000410847
handicap,0.000190401
extens,0.000993383
condit,0.000891541
develop,0.000410847
quirki,0.000341371
implement,0.000190401
requiredread,0.000190401
stars,9.52E-05
dedscrib,9.52E-05
lay,0.000178868
encount,0.000256028
ovengril,9.52E-05
autoreheat,9.52E-05
bag,0.001623792
viabl,9.52E-05
autocook,9.52E-05
breakfast,9.52E-05
lunch,0.000328677
homemad,0.000268303
preprogram,0.000268303
aka,9.52E-05
prawn,0.000178868
nugget,9.52E-05
croquett,9.52E-05
onion,9.52E-05
wing,0.000178868
guid,0.000795763
youv,0.000426714
wedg,9.52E-05
drumstick,9.52E-05
interchang,9.52E-05
toastgril,9.52E-05
shockingli,0.000178868
crack,0.001937833
sign,0.000328677
ware,0.000178868
1250,9.52E-05
hor,9.52E-05
doeuvr,9.52E-05
pig,9.52E-05
blanket,9.52E-05
crusti,9.52E-05
suspect,0.000477458
unclear,9.52E-05
inconsist,9.52E-05
substitut,0.000256028
inevit,0.000190401
wellh,9.52E-05
adjunct,9.52E-05
45,0.000541688
nimbl,9.52E-05
hog,0.000178868
address,0.000664289
univers,0.000256028
condens,0.000178868
singular,9.52E-05
childhood,9.52E-05
drop,0.001215087
dime,0.000256028
payphon,9.52E-05
here,0.00060388
skinni,9.52E-05
functionsand,9.52E-05
34smart,9.52E-05
oven34,9.52E-05
label,0.000836621
webpag,9.52E-05
conceptscook,9.52E-05
involv,0.000464304
slimfri,0.000426714
34noncook,9.52E-05
timer34,9.52E-05
exchang,0.000851471
dropdown,0.000178868
mind,0.000766903
greasefood,9.52E-05
wick,9.52E-05
allgreat,9.52E-05
readjust,9.52E-05
gray,0.000178868
stainlessso,9.52E-05
cleaner,0.000256028
youd,0.000256028
navig,9.52E-05
mistakenthey,9.52E-05
thorough,9.52E-05
refer,0.000590479
unpack,0.000528395
cookbook,0.000268303
itand,9.52E-05
guidelin,0.000512057
spinach,9.52E-05
artichok,9.52E-05
dip,9.52E-05
375,0.000178868
lament,9.52E-05
alon,0.000664289
beyond,0.000664289
everythinggril,0.000190401
faric,9.52E-05
nofril,9.52E-05
secondari,9.52E-05
chimney,9.52E-05
bulki,0.000464304
dear,9.52E-05
wood,0.000447171
worker,9.52E-05
temporarili,0.000178868
bedroom,9.52E-05
coolest,0.000178868
squar,0.00060388
oz,0.000256028
pose,9.52E-05
difficulti,0.000341371
unreli,0.000178868
oneyear,0.000178868
12month,0.000268303
expir,0.000998174
nightmar,9.52E-05
costjustifi,9.52E-05
rebat,0.000268303
stack,0.000178868
simultan,0.000256028
oili,9.52E-05
highend,0.000328677
defin,0.000328677
pint,9.52E-05
yr,0.001165768
pricey,0.000464304
626262i,9.52E-05
122014,9.52E-05
april,0.001246914
3rd2015,9.52E-05
forgo,0.000178868
lowest,0.000256028
rumbl,9.52E-05
leg,0.000715474
fold,0.000256028
overheat,0.000268303
intens,0.000256028
dod,9.52E-05
nox,9.52E-05
horrend,9.52E-05
nonexist,0.000256028
presum,0.000178868
unintend,9.52E-05
spite,9.52E-05
factori,0.001773898
connect,0.00060388
34microwave34,9.52E-05
excus,0.000256028
34polici,9.52E-05
situation34,9.52E-05
salesperson,0.000178868
awayy,9.52E-05
snug,9.52E-05
videoid567df035967d824cead7d2509901668b,9.52E-05
jump,0.000178868
arkansa,9.52E-05
microwaveeasili,9.52E-05
ifwhen,9.52E-05
decept,9.52E-05
against,9.52E-05
mix,0.000256028
form,0.000738098
factor,0.000696456
simplic,0.000410847
butter,0.000766903
freshen,9.52E-05
stale,9.52E-05
crouton,9.52E-05
sausag,9.52E-05
dog,0.000328677
per,0.000891541
entre,0.000285602
roast,0.001056789
gut,9.52E-05
chamber,9.52E-05
furthermor,0.000341371
awkward,0.000328677
elbow,9.52E-05
useabl,0.000341371
usabl,0.000664289
emerson,0.000357737
beenabl,9.52E-05
complex,0.000328677
counterintuit,9.52E-05
minu,0.000341371
bam,9.52E-05
increas,0.000464304
65,0.000426714
pot,0.000256028
pie,0.000178868
depend,0.000590479
similarli,0.000178868
progress,0.000256028
fat,9.52E-05
thermal,0.000328677
probe,0.000178868
mindless,9.52E-05
ultra,9.52E-05
layout,0.000178868
factim,9.52E-05
she,9.52E-05
frustrat,0.001137294
cuisinart,9.52E-05
cmw200,9.52E-05
booklet,0.000328677
site,0.000891541
proof,0.000178868
complianc,9.52E-05
repeatedli,0.000178868
threemonth,9.52E-05
apolog,0.000256028
commun,0.000328677
buyback,9.52E-05
15278,9.52E-05
honor,0.000256028
categori,0.000256028
mo,0.000178868
hunt,0.000328677
auto,0.000528395
path,9.52E-05
wellventil,9.52E-05
lowhumid,9.52E-05
outdoor,0.000178868
indoor,9.52E-05
reinstal,0.000851224
worn,0.000178868
repaint,9.52E-05
someplac,9.52E-05
wear,0.000256028
advic,0.000397882
steammoistur,9.52E-05
drain,0.000256028
2001,0.000178868
spacemak,0.003809666
upset,0.000328677
mc11h6033,0.000190401
wslim,9.52E-05
dare,9.52E-05
guiderecip,9.52E-05
19,0.000541688
formula,9.52E-05
persist,0.000256028
throughout,9.52E-05
prebread,0.000285602
okra,0.000285602
gather,9.52E-05
databas,0.000190401
access,0.000256028
info,0.000541688
publicli,9.52E-05
equal,0.000477458
bakewar,0.000357737
quarter,9.52E-05
95,0.000426714
x,0.000357737
aftermarket,9.52E-05
pg,0.000190401
22,0.000397882
hung,0.000178868
abruptli,0.000256028
brought,0.000528395
absenc,9.52E-05
reveal,0.000477458
hefti,9.52E-05
249,9.52E-05
399,9.52E-05
potenti,0.000464304
commerci,0.000477458
broiler,0.000636611
overs,0.000256028
sudden,0.000256028
head,0.000780515
visibl,0.000464304
correctli,0.000528395
proceed,9.52E-05
section,0.000410847
conk,0.000341371
headach,0.000397882
dub,9.52E-05
solut,0.000410847
sep,9.52E-05
brandnew,9.52E-05
prematur,0.000256028
dysfunct,9.52E-05
game,0.000256028
grok,9.52E-05
flawslessli,9.52E-05
outlast,0.000256028
reporttwo,9.52E-05
34used34,9.52E-05
sock,0.000178868
motorhom,0.000178868
youthank,0.000190401
frustratingli,9.52E-05
amana,0.001180958
jason,9.52E-05
chri,0.000190401
supervisor,0.000557034
fourth,9.52E-05
fairli,0.001131264
physic,0.000328677
suspend,9.52E-05
complement,9.52E-05
granit,0.000328677
whichlet,9.52E-05
130,0.000178868
75,0.000738098
34soften34,9.52E-05
suprem,9.52E-05
cvm1790ssss,9.52E-05
café,0.000341371
seri,0.000397882
34touchpad,9.52E-05
program34kudo,9.52E-05
redesign,0.000657354
goofi,9.52E-05
tilt,0.000268303
shortcut,9.52E-05
stout,9.52E-05
emblem,0.000571204
red,0.000357737
cap,0.000256028
knife,9.52E-05
affix,0.000178868
ontop,9.52E-05
newblack,9.52E-05
gentl,0.000410847
adhesivean,9.52E-05
fascia,9.52E-05
34top,9.52E-05
loading34,9.52E-05
plusit,9.52E-05
compliment,0.000328677
boyfriend,9.52E-05
boyfriendthen,9.52E-05
cfmv,9.52E-05
164l,9.52E-05
fee,0.000493016
105,9.52E-05
stabl,0.000178868
360,9.52E-05
unstabl,9.52E-05
forgot,0.000397882
circular,9.52E-05
peripheri,9.52E-05
clarifi,9.52E-05
caution,0.000493016
yearon,9.52E-05
275,0.000268303
behalf,9.52E-05
roughli,9.52E-05
34shelf,9.52E-05
life34,9.52E-05
conspiraci,0.000178868
fingernail,0.000512057
tore,0.000178868
bunch,9.52E-05
uhoh,9.52E-05
notebook,9.52E-05
silver,9.52E-05
anyhow,9.52E-05
polit,0.000178868
arrog,9.52E-05
mam,9.52E-05
attorney,0.000178868
kitchenaid,0.000477458
maytag,0.000328677
terrif,0.000328677
approach,9.52E-05
horizont,0.000178868
view,9.52E-05
closer,0.000256028
34space,9.52E-05
saver34,9.52E-05
peb7226sfss,9.52E-05
hd,0.000178868
damn,9.52E-05
valid,9.52E-05
magnatron,0.000477458
swirlpool,9.52E-05
minim,0.000477458
green,0.000328677
tack,9.52E-05
randomli,0.000477458
residu,0.000178868
92013,9.52E-05
112014,9.52E-05
pacif,9.52E-05
film,0.000426714
patch,0.000178868
document,0.000493016
anybodi,0.000397882
redid,0.000328677
escap,9.52E-05
torun,9.52E-05
min,0.000541688
disadvantag,9.52E-05
unnecessari,0.000178868
deep,0.001234442
discount,0.000397882
despit,0.000945366
shutdown,0.000178868
easybak,9.52E-05
clearli,0.000477458
bulletproof,0.000178868
sucker,0.000178868
velo,0.000178868
subsid,9.52E-05
iron,0.000178868
haier,0.000512057
nonwhirlpool,9.52E-05
dement,9.52E-05
warrenti,0.000410847
receipt,0.000619072
assur,0.000493016
solit,9.52E-05
warrranti,9.52E-05
default,0.000256028
prize,0.000256028
yup,0.000178868
doubl,0.000922427
jenn,9.52E-05
cooktop,0.000256028
grillgriddl,0.000190401
workout,9.52E-05
pgb950sefss,9.52E-05
porcelain,0.000190401
doubler,9.52E-05
19000,9.52E-05
btu,0.000285602
burner,0.000493016
singler,9.52E-05
17000,9.52E-05
dual,0.000657354
ballbear,9.52E-05
roller,0.000575185
honest,0.000256028
opinion,0.000528395
frittata,9.52E-05
fiveburn,9.52E-05
doubleoven,9.52E-05
fggf304dlf,9.52E-05
hgrs505xss,9.52E-05
ldg3036st,9.52E-05
wgg7550b,9.52E-05
34gold34,9.52E-05
34best34,9.52E-05
appliancesnot,9.52E-05
overpr,0.000256028
decad,0.000256028
plaster,9.52E-05
quickstart,0.000178868
weakest,9.52E-05
relearn,9.52E-05
tradit,0.000328677
consist,0.000410847
microwaveth,9.52E-05
magnetronwhich,9.52E-05
oct,0.000256028
tiresom,9.52E-05
commit,0.000256028
drastic,9.52E-05
alleg,9.52E-05
grade,0.000178868
34disposable34,9.52E-05
stung,9.52E-05
fatal,9.52E-05
semimanu,9.52E-05
bless,0.000178868
smh9187st,0.000256028
plagu,9.52E-05
nonsamsung,9.52E-05
resid,0.000178868
livein,9.52E-05
goodwork,9.52E-05
63434,9.52E-05
634,0.000178868
mike,9.52E-05
734,9.52E-05
fear,0.000464304
scare,9.52E-05
til,0.000178868
59,9.52E-05
sam,0.000268303
club,0.000268303
habit,0.000178868
latest,0.000357737
episod,0.000268303
unsaf,0.000328677
jvm1540dmww,9.52E-05
greasi,0.000178868
styrofoam,0.000178868
shrink,0.000178868
wrap,0.000885718
5000,9.52E-05
arrang,0.000328677
housewarm,9.52E-05
scar,9.52E-05
haunt,0.000178868
creeper,9.52E-05
googl,0.000590479
asap,9.52E-05
tarnish,9.52E-05
upequip,9.52E-05
52713,0.000178868
13-Aug,9.52E-05
brother,9.52E-05
250,0.000541688
act,0.000256028
nowaday,9.52E-05
planet,0.000178868
mismatch,9.52E-05
drum,9.52E-05
pk,9.52E-05
beer,9.52E-05
hr,0.000178868
ham,0.000341371
temperaturecold,9.52E-05
silverwar,9.52E-05
basket,9.52E-05
utensil,9.52E-05
wake,0.000256028
onmiel,9.52E-05
inner,0.000410847
1100w,9.52E-05
america,0.000178868
videoidmobypru8yotebwi,9.52E-05
elderli,0.000268303
succumb,9.52E-05
psa1201rss,9.52E-05
tsb,9.52E-05
improv,0.000780515
andor,0.000341371
dramat,0.000190401
shorten,0.000268303
soak,0.000268303
soapi,9.52E-05
microfib,0.000178868
cloth,0.000493016
specul,9.52E-05
34do,9.52E-05
read34,9.52E-05
rant,9.52E-05
fianc,9.52E-05
dough,9.52E-05
skin,0.000380803
oliv,0.000357737
oil,0.000715474
sprinkl,0.000190401
kosher,0.000190401
salt,0.000268303
fluffi,0.000190401
34streamed34,0.000190401
taquito,0.000190401
27,0.000426714
crescent,0.000190401
flaki,0.000190401
hundr,0.000410847
whether,0.000341371
240,0.000268303
volt,0.000341371
spaghetti,0.000190401
squash,0.000268303
cauliflow,0.000190401
strictli,0.000268303
issueok,9.52E-05
th,9.52E-05
financi,9.52E-05
peac,0.000178868
pitch,0.000178868
refinish,0.000190401
adher,0.000341371
aluminum,0.000178868
powersand,9.52E-05
contrari,9.52E-05
q,9.52E-05
primer,0.000190401
repeat,0.000723114
hightemp,9.52E-05
selfetch,9.52E-05
automot,9.52E-05
prayer,9.52E-05
proafter,9.52E-05
mute,0.000178868
inconveni,0.000464304
cutoff,9.52E-05
panellight,9.52E-05
milk,0.000178868
5234,9.52E-05
ventil,0.000328677
warrante,0.000178868
34metal34,9.52E-05
metalliclook,9.52E-05
34it,0.000190401
below34,9.52E-05
heat34,9.52E-05
buck,0.000590479
it34,9.52E-05
goto,9.52E-05
pronto,9.52E-05
applinc,9.52E-05
34pause34,9.52E-05
pricework,9.52E-05
manaft,9.52E-05
hem,0.000190401
haw,9.52E-05
doorelectron,9.52E-05
55000,0.000190401
yep,0.000178868
self,0.000397882
trusti,9.52E-05
handyout,9.52E-05
manyep,9.52E-05
hawinganoth,9.52E-05
mecomplain,9.52E-05
agoi,9.52E-05
timeor,9.52E-05
problmn,9.52E-05
evalu,9.52E-05
btw,0.000328677
unaccept,0.000328677
cabin,0.000178868
2nd,0.000410847
cheapi,9.52E-05
spontan,0.000268303
empti,0.000541688
ditch,0.000178868
yearold,9.52E-05
ga,0.00060388
shatter,0.000328677
idl,0.000256028
dozen,0.000178868
wednesday,0.000178868
34dead34,9.52E-05
sad,0.000397882
lean,0.000178868
born,9.52E-05
roomi,0.000397882
play,0.000178868
drawercupboard,9.52E-05
woke,0.000256028
nit,9.52E-05
taken,0.000528395
pushopen,9.52E-05
desper,0.000178868
tacki,0.000178868
inaccur,9.52E-05
straw,0.000178868
camel,9.52E-05
r,0.000190401
1978,9.52E-05
popular,9.52E-05
virtual,0.000256028
luck,0.000709559
fo,9.52E-05
rmi,9.52E-05
intermitt,0.000464304
inert,9.52E-05
recircul,0.000679365
loom,9.52E-05
spill,0.000780515
counterdoesnt,9.52E-05
babi,0.000178868
kitchenit,9.52E-05
won,0.000178868
reviewersbuy,9.52E-05
user,0.001406943
younger,9.52E-05
satisfactori,0.000178868
depart,0.000780515
outlin,9.52E-05
contract,0.000636611
ownership,0.000256028
129,0.000410847
178,9.52E-05
necessari,0.000528395
shrine,9.52E-05
occupi,0.000178868
unusu,0.000328677
gain,0.000328677
valuabl,0.000178868
corn,0.0005974
smh8165st,9.52E-05
restart,9.52E-05
interv,0.000328677
oop,9.52E-05
instantli,9.52E-05
magnifi,9.52E-05
ribbon,0.000571204
cabl,0.000571204
vibrat,0.000178868
embed,9.52E-05
project,0.000256028
twist,0.000256028
jiggl,0.000341371
manufacturing,9.52E-05
hook,0.000178868
spring,0.000636611
silli,0.000256028
analog,0.000178868
picki,9.52E-05
iffi,9.52E-05
34cave,9.52E-05
in34,9.52E-05
hightech,9.52E-05
reccomend,0.000178868
pricegreat,9.52E-05
lazi,0.000256028
share,0.000178868
barebon,9.52E-05
nonintuit,9.52E-05
twin,9.52E-05
58,9.52E-05
interpret,9.52E-05
scroll,0.000380803
paus,0.000380803
hilooff,9.52E-05
onoff,0.000397882
obscur,9.52E-05
letter,0.000256028
1button,9.52E-05
stovetop,0.000512057
dimmer,9.52E-05
incandesc,0.000447171
poorli,0.000709559
overcook,0.000328677
ruin,0.000557034
lame,9.52E-05
unattract,0.000178868
lightbox,9.52E-05
ugli,0.000268303
oldfashion,9.52E-05
14segment,9.52E-05
7digit,9.52E-05
amber,0.000190401
contrast,0.000341371
grindinglik,0.000190401
tap,0.000410847
diminish,0.000190401
greasefilt,0.000190401
easytoclean,0.000268303
allwhit,0.000190401
rightli,0.000190401
singlebulb,0.000190401
disgruntl,0.000178868
hum,0.000464304
lucki,0.000256028
washabl,9.52E-05
mild,9.52E-05
incabinet,9.52E-05
specialti,9.52E-05
shook,9.52E-05
36,0.000178868
overwhelm,0.000178868
microvaveespeci,9.52E-05
inher,9.52E-05
navigateheat,9.52E-05
wellwer,9.52E-05
hardli,0.000328677
turner,9.52E-05
protrus,0.000804908
34popcorn34,9.52E-05
coffeetea,9.52E-05
rime,9.52E-05
deliverri,9.52E-05
weigh,0.000178868
tactil,9.52E-05
adhes,0.000178868
detect,0.000256028
splurg,0.000328677
microwaveconvect,0.000256028
670,9.52E-05
surli,9.52E-05
inflict,9.52E-05
repetiti,9.52E-05
lengthi,9.52E-05
nonlg,9.52E-05
shoddi,0.000328677
landfil,0.000328677
plmv168cc1,9.52E-05
therang,9.52E-05
noheat,9.52E-05
outcom,9.52E-05
guest,0.000397882
logo,9.52E-05
rectangular,0.000397882
spatula,9.52E-05
eureka,9.52E-05
lamin,0.000190401
beig,9.52E-05
formica,9.52E-05
magic,0.000493016
eras,9.52E-05
grip,0.000178868
everywher,0.000328677
conduc,0.000178868
regain,9.52E-05
upheat,9.52E-05
nonsens,9.52E-05
nobodi,0.000256028
overrul,9.52E-05
effiient,9.52E-05
doe,9.52E-05
34,0.000650803
small34,9.52E-05
outer,0.000256028
wad,9.52E-05
34fragile34,9.52E-05
aisl,9.52E-05
walfart,9.52E-05
rebuilt,9.52E-05
accomod,0.000256028
car,9.52E-05
walk,0.000256028
max,0.000178868
reimburs,0.000341371
citi,0.000268303
coffeefood,9.52E-05
classic,0.000178868
steadi,9.52E-05
overh,0.000410847
17th,9.52E-05
blueray,9.52E-05
player,9.52E-05
2009,0.000679365
afraid,0.000256028
signific,0.000178868
octob,0.000397882
countless,0.000256028
flatscreen,9.52E-05
exceedingli,9.52E-05
certainti,9.52E-05
bigticket,9.52E-05
spec,0.000328677
unhappi,0.000328677
obtain,9.52E-05
poof,9.52E-05
towel,0.000853428
bomb,9.52E-05
whiff,9.52E-05
ozon,9.52E-05
young,0.000178868
anymor,0.000590479
galleri,0.000357737
furnac,9.52E-05
ah,9.52E-05
mitt,0.000268303
death,0.000178868
agenc,0.000178868
toe,9.52E-05
tire,0.000178868
indian,9.52E-05
34im,9.52E-05
that34,0.000178868
aboveam,9.52E-05
wellgood,9.52E-05
clog,9.52E-05
hub,9.52E-05
rush,0.000268303
homedepot,0.000190401
insur,0.000178868
assum,0.000836621
fluke,9.52E-05
symptom,9.52E-05
acquir,0.000178868
reput,0.000397882
spank,9.52E-05
lord,9.52E-05
cancer,9.52E-05
withdrew,9.52E-05
diagnosi,0.000256028
chintzi,9.52E-05
drawertyp,9.52E-05
34hide34,9.52E-05
titl,0.000268303
puff,9.52E-05
korea,0.000477458
explos,9.52E-05
110v,9.52E-05
10minut,9.52E-05
updatedimprov,9.52E-05
thirteen,9.52E-05
faint,9.52E-05
almostinvis,9.52E-05
infinit,9.52E-05
wisdom,9.52E-05
shadow,9.52E-05
overhead,0.000178868
shine,9.52E-05
brightwhit,9.52E-05
slidein,0.000178868
backlight,0.000178868
fasten,9.52E-05
wed,0.000178868
modelbrand,9.52E-05
janurari,9.52E-05
contractor,0.000328677
repeatli,9.52E-05
louver,9.52E-05
unlik,0.00060388
impli,9.52E-05
conjunct,9.52E-05
card,0.000410847
request,0.000477458
guarante,0.000528395
powerhous,9.52E-05
5beep,9.52E-05
1000w,0.000178868
exce,9.52E-05
cinubg,9.52E-05
medal,9.52E-05
thinner,9.52E-05
flew,9.52E-05
34showup,9.52E-05
fee34,9.52E-05
settler,9.52E-05
surviv,0.000328677
pic,9.52E-05
remount,0.000268303
reject,0.000410847
nozzl,0.000285602
streak,9.52E-05
nearli,0.000795426
slice,0.000268303
kitchenh,9.52E-05
shelv,0.000397882
instanton,9.52E-05
deeper,0.000328677
upward,0.000178868
funnel,9.52E-05
blurri,9.52E-05
30minut,9.52E-05
fanoff,9.52E-05
outag,9.52E-05
subsequ,0.000328677
custombuilt,9.52E-05
sole,9.52E-05
dimension,9.52E-05
boast,9.52E-05
52,0.000178868
aberr,9.52E-05
smh1816w,9.52E-05
29,0.000410847
ae,9.52E-05
unwil,0.000410847
brevil,9.52E-05
299,9.52E-05
backup,9.52E-05
sandclean,9.52E-05
throughli,9.52E-05
3060,0.000178868
1034,9.52E-05
bottl,0.000426714
geniu,9.52E-05
floppi,9.52E-05
glu,0.000328677
perfor,0.000268303
expert,9.52E-05
convey,9.52E-05
tile,0.000178868
carbid,9.52E-05
tho,0.000256028
clumsi,0.000178868
lie,9.52E-05
5e,0.000477458
corros,0.000178868
hassl,0.000397882
hell,9.52E-05
wrench,9.52E-05
34these,9.52E-05
for34,9.52E-05
identif,9.52E-05
arcan,9.52E-05
baffl,9.52E-05
upsid,9.52E-05
hack,9.52E-05
34but,9.52E-05
flatten,9.52E-05
trivial,9.52E-05
manor,9.52E-05
rustoleum,0.000178868
appeal,0.000178868
newli,0.000256028
vw,9.52E-05
eurovan,9.52E-05
camper,9.52E-05
brightli,9.52E-05
agon,9.52E-05
glue,0.000178868
alot,0.000410847
concider,9.52E-05
enviro,9.52E-05
ovenmicrowav,9.52E-05
neatli,0.000256028
renov,0.000178868
quicker,0.000178868
media,9.52E-05
reopen,0.000268303
agent,9.52E-05
biscuit,9.52E-05
disapoint,0.000268303
trailer,0.000178868
hey,9.52E-05
invent,0.000256028
34whoa,9.52E-05
kidspeak,9.52E-05
freightlin,0.000178868
road,9.52E-05
1930,9.52E-05
abus,0.000268303
boy,9.52E-05
vike,9.52E-05
xl1800,0.000268303
voltag,0.000256028
regul,0.000178868
ohm,0.000285602
9v,9.52E-05
batteri,9.52E-05
0,9.52E-05
successmi,9.52E-05
yay,9.52E-05
copi,0.000178868
om75p10,9.52E-05
priceon,9.52E-05
pss,9.52E-05
nowher,0.000256028
anotherth,9.52E-05
loss,0.000464304
upfront,9.52E-05
stainlessnot,9.52E-05
strongwa,9.52E-05
ironi,9.52E-05
pit,0.000190401
ss,0.000341371
amonia,9.52E-05
stainl,9.52E-05
ifif,9.52E-05
seper,9.52E-05
shell,0.000268303
novemb,0.000328677
bane,9.52E-05
obey,9.52E-05
societi,9.52E-05
avert,9.52E-05
nasti,0.000178868
housefir,9.52E-05
jvm,9.52E-05
1540dp1ww,9.52E-05
assign,0.000447171
1316274,9.52E-05
uspsc,0.000190401
parti,0.000541688
actiong,9.52E-05
fed,9.52E-05
incid,0.000397882
warp,0.000178868
711,9.52E-05
lmv1683st,9.52E-05
earli,0.000397882
drama,9.52E-05
earliest,0.000178868
monday,0.000493016
tuesday,9.52E-05
uneasi,9.52E-05
16314,9.52E-05
lowescom,9.52E-05
publish,9.52E-05
delet,9.52E-05
17314,9.52E-05
popper,9.52E-05
dismay,9.52E-05
bleach,9.52E-05
brown,0.000397882
attitud,0.000178868
canning,0.000190401
season,0.000178868
leftoversand,9.52E-05
couldn,9.52E-05
t,9.52E-05
fineespeci,9.52E-05
199,0.000178868
circuitri,0.000178868
csa1201rss,9.52E-05
34i,9.52E-05
again34,9.52E-05
over,0.000328677
inexplic,9.52E-05
fir,9.52E-05
housekeep,0.000190401
hmv,9.52E-05
3051,9.52E-05
non,0.000256028
undercabinet,9.52E-05
overspray,0.000256028
insignificantli,9.52E-05
distract,9.52E-05
1min,9.52E-05
2min,9.52E-05
3min,9.52E-05
plain,0.000256028
surround,9.52E-05
paperwork,9.52E-05
collaps,9.52E-05
ispeopl,9.52E-05
9900,9.52E-05
kick,0.000328677
ass,0.000256028
suitabl,0.000178868
basement,0.000178868
grief,9.52E-05
pipe,9.52E-05
histori,9.52E-05
rise,0.000328677
quietest,0.000178868
notsogood,9.52E-05
untouch,9.52E-05
nuisanc,0.000285602
forget,0.000464304
screenprint,9.52E-05
technic,0.000178868
freakin,9.52E-05
insan,9.52E-05
56,0.000178868
earshatt,9.52E-05
yokoonoscreech,9.52E-05
stopcancel,0.000328677
itll,0.000256028
wool,0.000178868
plasticfiberglass,9.52E-05
cleanerpolish,9.52E-05
outweigh,0.000178868
peal,0.000178868
detract,9.52E-05
identifi,0.000178868
variat,9.52E-05
everbodi,9.52E-05
interfer,0.000178868
wifi,9.52E-05
beneath,9.52E-05
strength,0.000256028
biggest,0.000256028
percentag,0.000178868
34fatal34,9.52E-05
34beeps34,9.52E-05
34sample34,9.52E-05
predecessor,0.000256028
89,0.000178868
ahno,9.52E-05
badg,9.52E-05
fullplat,9.52E-05
heatup,9.52E-05
34tiny34,9.52E-05
somebodi,9.52E-05
among,0.000268303
150,0.000780515
appropri,0.000397882
elev,0.000256028
voic,9.52E-05
foolish,9.52E-05
prioriti,0.000178868
ultim,9.52E-05
intermit,9.52E-05
legal,9.52E-05
moral,9.52E-05
inferior,0.000397882
notifi,0.000256028
suspici,9.52E-05
forum,0.000178868
160,0.000256028
fought,0.000178868
smh9187w,9.52E-05
24900,9.52E-05
se5,9.52E-05
saran,9.52E-05
grate,0.000256028
slob,9.52E-05
apprehens,9.52E-05
matt,9.52E-05
itw,9.52E-05
trina,9.52E-05
canada,0.000341371
freind,9.52E-05
hike,9.52E-05
cross,0.000256028
border,9.52E-05
reno,0.000178868
garabg,9.52E-05
pet,9.52E-05
peevesso,9.52E-05
townhous,9.52E-05
jan,0.000328677
reviewsthank,9.52E-05
shebang,9.52E-05
brandmodel,9.52E-05
dishwasherahhhhhthat,9.52E-05
bode,0.000178868
electrolux,0.000178868
beth,9.52E-05
freed,0.000178868
gosh,9.52E-05
sooooo,9.52E-05
60and,9.52E-05
34overtherang,9.52E-05
massiv,0.000178868
buffalo,9.52E-05
beast,0.000178868
prostyl,9.52E-05
radar,0.000178868
allegedli,9.52E-05
34compact34,9.52E-05
er,9.52E-05
whomev,9.52E-05
nobel,9.52E-05
disappear,0.000178868
somehow,0.000397882
howd,9.52E-05
34beastmaster34,9.52E-05
ya,9.52E-05
tvmicrowav,9.52E-05
thinge,9.52E-05
1530,9.52E-05
marvel,0.000178868
outofthebox,9.52E-05
lifestyl,9.52E-05
kudo,9.52E-05
steve,9.52E-05
72,9.52E-05
motherinlaw,9.52E-05
morn,0.000590479
911,9.52E-05
dept,0.000190401
dispatch,0.000256028
exit,9.52E-05
crew,9.52E-05
inspect,0.000528395
await,0.000178868
encourag,0.000256028
1312014,9.52E-05
1202014,9.52E-05
mlk,9.52E-05
telephon,0.000178868
cell,9.52E-05
serial,0.0005974
1212014,9.52E-05
1222014,9.52E-05
payment,9.52E-05
12914,9.52E-05
residenti,0.000178868
48,0.000268303
friday,0.000268303
reviewh,9.52E-05
2005,9.52E-05
diodelik,9.52E-05
2screw,9.52E-05
capacitorwhi,9.52E-05
web,0.000397882
patient,9.52E-05
track,0.000397882
dacor,0.000447171
lake,9.52E-05
resort,9.52E-05
winter,9.52E-05
popul,9.52E-05
100000,0.000178868
nine,9.52E-05
rout,9.52E-05
expedit,9.52E-05
discuss,0.000178868
asko,9.52E-05
ebay,9.52E-05
samsungcom,0.000190401
supposedli,0.000328677
reviewno,9.52E-05
rational,9.52E-05
init,9.52E-05
sink,0.000328677
tinfoil,9.52E-05
steer,0.000178868
multiplel,9.52E-05
fetur,9.52E-05
toggl,0.000256028
3430,9.52E-05
second34,9.52E-05
sexi,9.52E-05
ounc,0.000178868
wider,9.52E-05
cubbi,0.000178868
smallfootprint,9.52E-05
s,0.000178868
unrespons,9.52E-05
wolf,0.000178868
thermador,9.52E-05
surprisingli,0.000178868
510,9.52E-05
34034,9.52E-05
conceal,0.000178868
elect,9.52E-05
agoni,9.52E-05
clip,0.000178868
mail,9.52E-05
mra,9.52E-05
foam,0.000178868
34no,9.52E-05
packaging34,9.52E-05
kenmor,0.000464304
freight,9.52E-05
fulfil,0.000328677
verri,9.52E-05
cramp,9.52E-05
angri,0.000190401
grand,9.52E-05
durat,9.52E-05
lock,0.000410847
prici,9.52E-05
coooook,9.52E-05
34hit,9.52E-05
miss34,9.52E-05
34handl,9.52E-05
doors34,9.52E-05
34push,9.52E-05
whirlpoolit,9.52E-05
microzilla,9.52E-05
oppos,9.52E-05
bonker,9.52E-05
concurr,9.52E-05
multitask,0.000178868
sync,9.52E-05
jerk,0.000178868
rectifi,9.52E-05
cent,0.000178868
carrier,0.000178868
redril,0.000178868
quirk,9.52E-05
thirti,0.000178868
infam,0.000178868
f7,0.000894342
esp,0.000190401
yeayi,9.52E-05
blown,0.000268303
crappi,0.000178868
compromis,0.000256028
misus,0.000341371
hard34,9.52E-05
elimin,0.000256028
compel,0.000178868
288,9.52E-05
uneven,9.52E-05
25000,0.000178868
sumsung,9.52E-05
deaf,9.52E-05
nightlight,0.000256028
yuck,9.52E-05
cri,9.52E-05
deform,0.000178868
uninstal,9.52E-05
breakdown,0.000178868
east,9.52E-05
raytheon,9.52E-05
yearli,9.52E-05
budget,9.52E-05
spay,9.52E-05
dust,0.000328677
pleasant,9.52E-05
newsopt,9.52E-05
preconfigur,9.52E-05
veg,9.52E-05
depth,0.000619072
click,0.000268303
personnel,0.000328677
34product,9.52E-05
guide34,9.52E-05
12x,0.000178868
weirdli,9.52E-05
disus,9.52E-05
nonobnoxi,9.52E-05
34your,9.52E-05
done34,9.52E-05
2017,9.52E-05
faith,0.000178868
unmatch,9.52E-05
ratio,9.52E-05
trace,0.000178868
credibl,9.52E-05
etern,9.52E-05
acknowledg,9.52E-05
qa,9.52E-05
microwavecook,9.52E-05
3034,9.52E-05
34134,9.52E-05
iialthough,9.52E-05
34beverage34,9.52E-05
34reheat34,0.000178868
34chickenfish34,9.52E-05
34potato34,9.52E-05
34vegetable34,9.52E-05
34delay,9.52E-05
start34,9.52E-05
34reminder34,9.52E-05
34turntabl,9.52E-05
onoff34,9.52E-05
sec34,0.000190401
pastri,9.52E-05
child,0.000328677
lockout,0.000178868
undercount,0.000285602
1434long,9.52E-05
insert,0.000328677
greater,0.000178868
thick,0.000410847
hypothet,0.000190401
234,9.52E-05
diamet,0.000285602
1434,0.000571204
1834,9.52E-05
fulli,0.000178868
obstruct,9.52E-05
wx4a019,0.000190401
asinb001h815to,9.52E-05
cab,9.52E-05
mt,9.52E-05
3434,0.000256028
23year,9.52E-05
sidetosid,9.52E-05
153234,9.52E-05
62so,9.52E-05
draw,0.000256028
metric,9.52E-05
lightn,0.000178868
drier,9.52E-05
comput,0.000397882
resurrect,9.52E-05
34took,9.52E-05
service34,9.52E-05
yellow,9.52E-05
abras,9.52E-05
burnton,9.52E-05
promot,0.000178868
foodi,9.52E-05
overlap,0.000190401
hint,0.000268303
vegi,0.000761606
astound,0.000190401
rock,0.000190401
dampen,0.000190401
halfpowerth,0.000190401
briefli,0.000190401
cornonthecob,0.000190401
damp,0.000268303
rins,0.000190401
themthat,0.000190401
pesticid,0.000190401
dehydr,0.000190401
rehydr,0.000190401
format,0.000190401
goal,0.000380803
superheat,0.000190401
principl,0.000190401
vegetablesa,0.000190401
individu,0.000682743
lid,0.000804908
lidso,0.000190401
concentr,0.000190401
asinb001hzy9cm,0.000190401
anchor,0.000357737
hock,0.000190401
piececasserol,9.52E-05
saucer,0.000190401
dega,0.000190401
toxic,0.000190401
compoundsif,0.000190401
asinb0000cftb0,0.000190401
pyrex,0.000268303
6022369,0.000190401
14piec,0.000190401
stoney,0.000190401
itto,9.52E-05
dislik,9.52E-05
preserv,9.52E-05
laden,9.52E-05
prepackag,9.52E-05
blueberri,9.52E-05
cereal,9.52E-05
pem31smss,0.000657354
pice,9.52E-05
lass,9.52E-05
problabl,9.52E-05
buildergrad,9.52E-05
offbrand,9.52E-05
stud,0.0005974
drew,9.52E-05
undersid,9.52E-05
recess,0.000178868
remeasur,9.52E-05
bore,9.52E-05
15inch,9.52E-05
spade,9.52E-05
enlarg,9.52E-05
wallvent,9.52E-05
flap,0.000682743
preexist,9.52E-05
potat,9.52E-05
settingbut,9.52E-05
smh,0.000178868
9187st,9.52E-05
5ese,9.52E-05
epidem,9.52E-05
whizz,9.52E-05
sleep,0.000178868
nerv,9.52E-05
nike,9.52E-05
religi,0.000178868
cherri,9.52E-05
batch,9.52E-05
sticker,9.52E-05
vacat,0.000256028
duti,0.000178868
leakag,9.52E-05
retyp,9.52E-05
hilo,9.52E-05
tout,9.52E-05
minimicrowav,9.52E-05
mini,0.000256028
secur,0.000178868
freezer,0.000178868
icecream,0.000190401
softer,9.52E-05
upright,9.52E-05
snugli,0.000178868
534,9.52E-05
bulk,9.52E-05
334,9.52E-05
alaska,9.52E-05
socal,9.52E-05
entic,9.52E-05
intent,9.52E-05
fyi,9.52E-05
goodby,9.52E-05
microwaveagain,9.52E-05
staff,9.52E-05
defici,9.52E-05
neglig,9.52E-05
influenc,9.52E-05
likewis,0.000178868
handsom,9.52E-05
anniversari,9.52E-05
dualfuel,9.52E-05
downwardfac,9.52E-05
observ,9.52E-05
calibr,0.000190401
generalus,9.52E-05
smarter,9.52E-05
partway,9.52E-05
background,0.000178868
niggl,0.000178868
eco,0.000571204
conceiv,9.52E-05
standbi,9.52E-05
consumpt,9.52E-05
tie,0.000178868
mostlyoff,9.52E-05
sum,9.52E-05
decor,0.000178868
buzz,0.000178868
illumin,9.52E-05
grillim,9.52E-05
oclock,9.52E-05
storm,0.000178868
importantli,9.52E-05
rubik,9.52E-05
hire,9.52E-05
handyman,9.52E-05
pockmark,9.52E-05
uglier,9.52E-05
1star,0.000178868
lull,9.52E-05
fals,9.52E-05
possess,9.52E-05
afteral,9.52E-05
rob,9.52E-05
skip,9.52E-05
deem,9.52E-05
crush,9.52E-05
bs,9.52E-05
eveyrth,9.52E-05
lcd,0.000739524
cob,9.52E-05
heed,9.52E-05
unlatch,9.52E-05
pri,0.000178868
lubric,9.52E-05
wellmad,9.52E-05
significantli,0.000178868
cookreheat,9.52E-05
2qt,9.52E-05
pvm1790sr1,9.52E-05
testit,9.52E-05
pressin,9.52E-05
34looks34,9.52E-05
nicebut,9.52E-05
truth,9.52E-05
glanc,9.52E-05
elsethi,9.52E-05
ittold,9.52E-05
problemwel,9.52E-05
againi,9.52E-05
touchsensit,9.52E-05
unnatur,9.52E-05
cuti,0.000178868
outdooor,9.52E-05
routoin,9.52E-05
chain,0.000256028
blink,9.52E-05
vcr,0.000178868
sandpap,9.52E-05
scraper,0.000178868
paintrust,9.52E-05
rub,0.000178868
alcohol,9.52E-05
mutlipl,9.52E-05
34tweaking34,9.52E-05
p,9.52E-05
costli,0.000178868
joke,9.52E-05
acquisit,9.52E-05
fifth,9.52E-05
usesy,9.52E-05
bbb,0.000178868
1k,9.52E-05
septemb,0.000426714
reflect,9.52E-05
ray,9.52E-05
bisqu,9.52E-05
almond,9.52E-05
domin,9.52E-05
wolfsub,9.52E-05
usei,9.52E-05
rigor,9.52E-05
pinki,9.52E-05
transfer,0.000557034
1pm,9.52E-05
mst,9.52E-05
dream,0.000178868
eyesor,9.52E-05
apartwho,9.52E-05
preclud,9.52E-05
wagon,9.52E-05
bash,9.52E-05
assort,9.52E-05
30000,0.000178868
render,9.52E-05
salient,9.52E-05
vender,0.000476004
nameand,9.52E-05
emptor,0.000178868
micowav,9.52E-05
core,0.000178868
autoopt,9.52E-05
deadlin,9.52E-05
34observations34,9.52E-05
typefac,9.52E-05
revis,9.52E-05
loudest,9.52E-05
34cons34,9.52E-05
thermostat,9.52E-05
ablut,9.52E-05
dictat,9.52E-05
jerki,9.52E-05
stroke,9.52E-05
summari,0.000178868
region,9.52E-05
accid,0.000178868
recur,9.52E-05
unattend,9.52E-05
411,9.52E-05
smh9187,0.000178868
chowmein,9.52E-05
seven,0.000268303
whoope,9.52E-05
prequalifi,9.52E-05
statement,9.52E-05
dull,9.52E-05
insol,9.52E-05
nonfunct,0.000268303
125,0.000328677
reschedul,0.000178868
toddler,9.52E-05
200250,9.52E-05
commiss,9.52E-05
argh,9.52E-05
jvm1540dm4ww,9.52E-05
apllianc,9.52E-05
cfu,0.000190401
850,0.000268303
postion,9.52E-05
magnitron,0.000256028
apac,9.52E-05
foil,0.000178868
firm,9.52E-05
fuss,9.52E-05
recomend,0.000178868
heck,9.52E-05
cookingreh,9.52E-05
tax,0.000328677
acreag,9.52E-05
penni,9.52E-05
1990,9.52E-05
escal,0.000397882
downgrad,9.52E-05
pricetag,9.52E-05
335,9.52E-05
debacl,9.52E-05
konk,9.52E-05
5year,9.52E-05
unremark,9.52E-05
restock,0.000285602
who,9.52E-05
reclos,9.52E-05
usuri,9.52E-05
merchant,9.52E-05
trash,0.000268303
reward,9.52E-05
serviceman,0.000178868
onedefinit,9.52E-05
34controls34,9.52E-05
overthecount,9.52E-05
configur,0.000256028
redo,0.000256028
syrup,0.000178868
workaround,9.52E-05
multiyear,9.52E-05
partslabor,9.52E-05
birthday,9.52E-05
shortfal,9.52E-05
halfpint,9.52E-05
rectangl,0.000268303
nobrain,0.000178868
unbox,9.52E-05
norm,9.52E-05
urg,0.000178868
9x13,0.000178868
fli,0.000178868
revert,9.52E-05
swear,9.52E-05
featuresth,9.52E-05
powersav,9.52E-05
0,0.000256028
windowbox,9.52E-05
everybodi,0.000178868
investig,9.52E-05
pristin,9.52E-05
delt,9.52E-05
f,0.000178868
pem31sm4ss,9.52E-05
maylasia,9.52E-05
semipremium,9.52E-05
team,0.000285602
loop,0.000178868
unbeliev,9.52E-05
prospect,9.52E-05
buid,9.52E-05
250300,9.52E-05
fight,0.000256028
lip,0.000178868
upload,9.52E-05
jet,0.000178868
747,9.52E-05
mountain,9.52E-05
molehil,9.52E-05
mircrowav,9.52E-05
9x12,9.52E-05
baker,9.52E-05
reclaim,9.52E-05
shirt,9.52E-05
rater,9.52E-05
blast,9.52E-05
maintain,0.000178868
contour,9.52E-05
seek,9.52E-05
42016,0.000190401
keeper,9.52E-05
1500,9.52E-05
u,9.52E-05
chand,9.52E-05
diesnt,9.52E-05
uninterrupt,9.52E-05
dome,9.52E-05
28,0.000268303
28th,9.52E-05
joe,9.52E-05
benn,9.52E-05
mivrowav,9.52E-05
scond,9.52E-05
munch,9.52E-05
beatter,9.52E-05
beliv,9.52E-05
greati,9.52E-05
reviewsthi,9.52E-05
producti,9.52E-05
alik,9.52E-05
hadmi,9.52E-05
unplugplug,9.52E-05
sorrysorrysorri,9.52E-05
repack,9.52E-05
finest,9.52E-05
asian,0.000178868
onestar,9.52E-05
verif,9.52E-05
commentari,0.000190401
jes0736spss,0.000268303
revisit,9.52E-05
resubmit,9.52E-05
submiss,9.52E-05
contraven,9.52E-05
nonadjust,9.52E-05
shelvefram,9.52E-05
abe,0.000268303
packagingcr,9.52E-05
34dead,9.52E-05
space34,9.52E-05
bye,0.000190401
smh9187wthree,9.52E-05
wari,9.52E-05
itemi,9.52E-05
lmv1680st,9.52E-05
growl,9.52E-05
doa,0.000178868
towelto,9.52E-05
hygien,9.52E-05
holder,0.000178868
stauffer,9.52E-05
onelarg,9.52E-05
6x8,9.52E-05
sq,9.52E-05
accent,9.52E-05
makerrememb,9.52E-05
pray,9.52E-05
instor,9.52E-05
unknown,9.52E-05
wind,0.000178868
splash,9.52E-05
slower,0.000341371
wee,9.52E-05
warmer,0.000178868
williamssonomo,9.52E-05
veritc,9.52E-05
williamssonoma,9.52E-05
jvm17501mm,9.52E-05
6292011,9.52E-05
33132013,9.52E-05
4052013,9.52E-05
pl,9.52E-05
24000,9.52E-05
advoc,9.52E-05
unlucki,9.52E-05
clunki,0.000178868
2030,9.52E-05
abovetherang,9.52E-05
teensi,9.52E-05
weensi,9.52E-05
inadvert,9.52E-05
recollect,9.52E-05
extran,9.52E-05
lend,9.52E-05
gf,9.52E-05
microoven,9.52E-05
convmicro,9.52E-05
slickest,9.52E-05
bank,9.52E-05
jam,0.000268303
doorjam,9.52E-05
exot,9.52E-05
fumbl,0.000178868
uniformli,0.000178868
lag,0.000178868
tin,9.52E-05
loosen,9.52E-05
nose,9.52E-05
phillip,9.52E-05
50000,9.52E-05
pollut,9.52E-05
nonconvect,9.52E-05
charcoal,0.000328677
unscrew,9.52E-05
butt,9.52E-05
flang,0.000178868
wierd,9.52E-05
1960,0.000178868
licens,9.52E-05
showroom,9.52E-05
qc,9.52E-05
itwa,9.52E-05
1950,9.52E-05
remodelit,9.52E-05
vessel,0.000178868
dimlylit,9.52E-05
scour,9.52E-05
unavail,9.52E-05
sleepingnap,9.52E-05
34convenience34,9.52E-05
34sensor34automat,9.52E-05
retrofit,0.000178868
chore,9.52E-05
buttonsar,9.52E-05
ewav,9.52E-05
winnebago,9.52E-05
oer,9.52E-05
gracious,9.52E-05
producty,9.52E-05
moneyy,9.52E-05
productsso,9.52E-05
partsdont,9.52E-05
par,0.000178868
34name34,9.52E-05
usersth,9.52E-05
occassion,9.52E-05
34bump34,9.52E-05
pancak,9.52E-05
wmh31017ab,9.52E-05
magazin,9.52E-05
shred,9.52E-05
hardwir,9.52E-05
swallow,9.52E-05
grid,9.52E-05
bodi,0.000256028
atroci,0.000178868
semirigid,9.52E-05
silicon,9.52E-05
sealant,9.52E-05
quantiy,9.52E-05
referenc,9.52E-05
cursori,9.52E-05
nnh965wf,9.52E-05
underh,9.52E-05
strike,9.52E-05
spilt,9.52E-05
windi,0.000190401
irregular,9.52E-05
ductwork,9.52E-05
nearest,0.000268303
squeak,0.000178868
necess,9.52E-05
stinki,9.52E-05
counldnt,9.52E-05
bummer,0.000190401
mere,0.000190401
inquir,0.000268303
aforement,0.000190401
autoprogram,0.000190401
anyone,9.52E-05
phil,9.52E-05
dirt,9.52E-05
800w,9.52E-05
1964,9.52E-05
vintag,9.52E-05
impuls,9.52E-05
3year,9.52E-05
1yr,0.000178868
sturdilybuilt,9.52E-05
fog,9.52E-05
craft,9.52E-05
itso,9.52E-05
35th,9.52E-05
piss,9.52E-05
whirpool,0.000341371
ball,0.000178868
predict,9.52E-05
waymuch,9.52E-05
34clunk34,9.52E-05
irrelev,9.52E-05
longev,9.52E-05
heatscook,9.52E-05
barley,9.52E-05
oat,9.52E-05
0s,9.52E-05
stopent,9.52E-05
1816,0.000178868
110512a,9.52E-05
1105watt,9.52E-05
12amp,9.52E-05
precursor,9.52E-05
iesamsung,9.52E-05
pawn,9.52E-05
smelli,9.52E-05
minimali,9.52E-05
infrequ,9.52E-05
chunk,9.52E-05
fleck,9.52E-05
clunker,9.52E-05
conatin,9.52E-05
criticaljust,9.52E-05
suffieci,9.52E-05
shipper,0.000341371
delic,9.52E-05
unpract,9.52E-05
everytim,9.52E-05
sight,0.000178868
spousal,0.000190401
goof,9.52E-05
arduou,9.52E-05
hug,9.52E-05
kiss,9.52E-05
shoulder,0.000178868
nonmatch,9.52E-05
silenc,0.000190401
goldstar,9.52E-05
range34,9.52E-05
extractor,0.000190401
71,9.52E-05
greatest,0.000178868
34not,9.52E-05
rotate34,9.52E-05
permit,9.52E-05
34keep,9.52E-05
warm34,9.52E-05
unserv,9.52E-05
34seconds34,9.52E-05
sag,9.52E-05
preconstruct,9.52E-05
faultnot,9.52E-05
distributor,0.000178868
scanner,9.52E-05
mwo,9.52E-05
repairmen,0.000178868
worthwhil,9.52E-05
sf,9.52E-05
yday,9.52E-05
clarif,9.52E-05
momentari,9.52E-05
magnetrom,9.52E-05
meltsoften,9.52E-05
1800gecar,9.52E-05
echo,9.52E-05
settingsfeatur,9.52E-05
1year,0.000178868
defectiveth,9.52E-05
partli,0.000178868
diddl,9.52E-05
score,0.000256028
spacelook,9.52E-05
criteria,0.000178868
thingappar,9.52E-05
prone,0.000178868
functionalattract,9.52E-05
miniatur,9.52E-05
barber,9.52E-05
pole,9.52E-05
livedswor,9.52E-05
drove,9.52E-05
certifi,0.000268303
economi,9.52E-05
craftsmanship,9.52E-05
demand,9.52E-05
kb,0.000178868
summer,0.000256028
behold,9.52E-05
fizzl,9.52E-05
crackl,0.000178868
3rdparti,9.52E-05
absent,9.52E-05
450,9.52E-05
voicemail,9.52E-05
verifi,0.000178868
18002531301,9.52E-05
elaps,9.52E-05
reiter,9.52E-05
vip,0.000285602
class,9.52E-05
lawsuit,9.52E-05
600,0.000178868
r1405,9.52E-05
snatch,9.52E-05
thatth,9.52E-05
donei,9.52E-05
smash,0.000178868
rubbish,9.52E-05
grrrr,9.52E-05
bugger,9.52E-05
appal,9.52E-05
laugh,0.000178868
screwdriv,0.000178868
pat,9.52E-05
yeahto,9.52E-05
gambl,0.000178868
vendor,0.000426714
anywaywith,9.52E-05
simpler,0.000178868
drag,9.52E-05
gape,0.000178868
34whi,9.52E-05
not34,9.52E-05
thermocoupl,9.52E-05
120,9.52E-05
commercialindustri,9.52E-05
ne1054,9.52E-05
vollrath,9.52E-05
40830,9.52E-05
turbo,9.52E-05
tmw1100m,9.52E-05
rms10d,9.52E-05
pre,9.52E-05
tune,9.52E-05
agofifteen,9.52E-05
qout,9.52E-05
housepart,9.52E-05
popup,9.52E-05
hmmmmi,9.52E-05
ovenand,9.52E-05
variabl,0.000178868
steal,0.000256028
newest,9.52E-05
overli,0.000178868
suspens,0.000190401
sizeshap,9.52E-05
hanger,9.52E-05
helper,9.52E-05
pencil,9.52E-05
boltsin,9.52E-05
offset,0.000268303
width,0.000410847
recciev,9.52E-05
boom,9.52E-05
dissapoint,0.000190401
becasu,0.000268303
liar,9.52E-05
sooo,9.52E-05
unproffesion,9.52E-05
helpful,9.52E-05
overjoy,9.52E-05
inoper,9.52E-05
curtli,9.52E-05
newlyremodel,9.52E-05
environment,9.52E-05
assumpt,9.52E-05
econom,9.52E-05
wmc2005yw,9.52E-05
5,9.52E-05
nestl,0.000178868
superimpos,9.52E-05
optionsv,9.52E-05
backvent,9.52E-05
structur,9.52E-05
rerout,9.52E-05
satifi,9.52E-05
hamper,9.52E-05
burrito,9.52E-05
2006,0.000341371
boxclock,9.52E-05
9152012,9.52E-05
news,0.000178868
redeem,9.52E-05
backhand,9.52E-05
driver,0.000178868
mid90,9.52E-05
3person,9.52E-05
185,9.52E-05
foor,9.52E-05
carsthey,9.52E-05
18007267864,9.52E-05
135,9.52E-05
courtesi,9.52E-05
link,9.52E-05
styro,9.52E-05
11-Oct,9.52E-05
angi,0.000190401
dismantl,0.000178868
15th,9.52E-05
backord,0.000341371
samsungand,9.52E-05
knowwhi,9.52E-05
servicecompani,9.52E-05
miracul,9.52E-05
disreput,9.52E-05
transact,9.52E-05
string,9.52E-05
vagu,9.52E-05
mislead,0.000178868
xma,9.52E-05
eve,9.52E-05
explan,9.52E-05
sporad,9.52E-05
lackey,9.52E-05
landri,9.52E-05
sanityrun,9.52E-05
manhattan,9.52E-05
welldesign,9.52E-05
oldschool,9.52E-05
comprables,9.52E-05
resist,0.000268303
cousin,9.52E-05
pvm1870,0.000190401
addendum,9.52E-05
motorpow,9.52E-05
reeplac,9.52E-05
routin,9.52E-05
defer,9.52E-05
productif,9.52E-05
desir,0.000256028
workhors,0.000178868
klutz,9.52E-05
20yrold,9.52E-05
isol,0.000178868
whirlpooljust,9.52E-05
it1,9.52E-05
conduct,9.52E-05
frigidiar,9.52E-05
sputter,9.52E-05
purches,9.52E-05
margin,9.52E-05
integr,0.000178868
filler,9.52E-05
kicker,9.52E-05
butterfli,9.52E-05
predril,9.52E-05
nepot,9.52E-05
8500,0.000328677
silveral,9.52E-05
tvwhich,9.52E-05
boght,9.52E-05
stainlessblcklargereven,9.52E-05
nostalgia,9.52E-05
oneal,9.52E-05
backthi,9.52E-05
slope,9.52E-05
roomiest,9.52E-05
apt,9.52E-05
extern,0.000178868
remark,0.000178868
tea,0.000397882
guidehol,9.52E-05
exaact,9.52E-05
62012,9.52E-05
norcrossgato,9.52E-05
employeenot,9.52E-05
14000,9.52E-05
7500,0.000178868
21500,9.52E-05
employe,9.52E-05
ripoff,9.52E-05
autom,9.52E-05
noteread,9.52E-05
contempl,9.52E-05
jem31sf01,9.52E-05
dimensionsscrew,0.000285602
lineup,0.000285602
5912,9.52E-05
572012,9.52E-05
51712,9.52E-05
installationrepair,9.52E-05
subcontract,0.000178868
peelsoff,0.000190401
gentleman,0.000190401
mildli,0.000190401
conclus,0.000190401
togetheroven,9.52E-05
amazoncom,0.000256028
skew,9.52E-05
appplianc,9.52E-05
refridger,9.52E-05
slap,9.52E-05
bathtup,9.52E-05
imporant,9.52E-05
konw,9.52E-05
amicrowav,9.52E-05
closest,9.52E-05
nephew,9.52E-05
startup,9.52E-05
host,9.52E-05
9,0.000341371
wine,0.000190401
cooler,9.52E-05
mainten,9.52E-05
deciss,9.52E-05
tractor,9.52E-05
normalvolum,9.52E-05
explor,0.000178868
setback,9.52E-05
datepackag,9.52E-05
intact,9.52E-05
apartmenti,9.52E-05
laundri,9.52E-05
tub,0.000268303
faucet,9.52E-05
pitcher,0.000190401
peasi,9.52E-05
panda,9.52E-05
music,9.52E-05
minielectr,9.52E-05
laundrymat,9.52E-05
pandait,9.52E-05
chime,9.52E-05
disturb,9.52E-05
occas,0.000426714
ownwith,0.000178868
paintedgrey,9.52E-05
awok,9.52E-05
didquick,9.52E-05
hamilton,9.52E-05
beach,9.52E-05
hb,9.52E-05
asid,0.000268303
revolut,9.52E-05
judg,0.000268303
throwaway,9.52E-05
73,9.52E-05
ludicr,9.52E-05
286,9.52E-05
asinb000uw1ww8,9.52E-05
jes2251sj,9.52E-05
stoppedthi,9.52E-05
undon,9.52E-05
jes2251sj02,0.000268303
225,9.52E-05
258,9.52E-05
1520,9.52E-05
painti,0.000190401
eaten,0.000178868
unnotic,9.52E-05
argument,0.000178868
vental,9.52E-05
woodwork,9.52E-05
dispit,9.52E-05
sub,0.000178868
gallon,9.52E-05
insinker,9.52E-05
mco160uw,0.000190401
adjac,9.52E-05
angl,9.52E-05
16deep,9.52E-05
149,9.52E-05
discrib,9.52E-05
10yo,9.52E-05
hotpoint,9.52E-05
electri,9.52E-05
microwaveconvectionhood,9.52E-05
soooo,0.000178868
problemth,9.52E-05
285,0.000285602
incur,0.000178868
etcon,9.52E-05
messagei,9.52E-05
apologiesi,9.52E-05
competitor,9.52E-05
amazoncomgrrrrr,9.52E-05
refrigeratorthey,9.52E-05
32013,9.52E-05
364,9.52E-05
firday,9.52E-05
whrilpool,0.000380803
becuas,9.52E-05
budg,9.52E-05
prong,9.52E-05
ground,0.000256028
exteriorth,9.52E-05
wherev,0.000178868
handleleft,0.000190401
microwavefrom,9.52E-05
1st,0.000256028
paperweight,9.52E-05
phenomenon,9.52E-05
lodg,9.52E-05
distort,9.52E-05
sandwich,9.52E-05
disassembl,9.52E-05
gad,9.52E-05
outta,9.52E-05
makesown,9.52E-05
admir,0.000256028
18th,9.52E-05
uncertainti,9.52E-05
b,9.52E-05
c,9.52E-05
microwavev,9.52E-05
ghost,9.52E-05
fewer,9.52E-05
1011,9.52E-05
modelit,9.52E-05
constructionit,9.52E-05
horror,0.000178868
furiou,9.52E-05
row,0.000256028
brail,9.52E-05
mco165uw,9.52E-05
forth,9.52E-05
32008,9.52E-05
laterit,9.52E-05
interf,9.52E-05
microwavefan,9.52E-05
camera,9.52E-05
hardest,9.52E-05
menu,0.000426714
polym,9.52E-05
3x,0.000256028
jem31,9.52E-05
facepl,9.52E-05
cheesi,9.52E-05
goesyou,9.52E-05
skimp,9.52E-05
dealt,9.52E-05
tug,9.52E-05
resum,9.52E-05
defint,9.52E-05
2008,0.000328677
disastr,9.52E-05
halfstar,9.52E-05
timeless,9.52E-05
softenmeltdefrost,9.52E-05
oblong,9.52E-05
discreetli,9.52E-05
aggress,9.52E-05
ezon,9.52E-05
quickminut,9.52E-05
brownish,9.52E-05
grime,9.52E-05
scrub,9.52E-05
greatlook,9.52E-05
twosid,9.52E-05
mabe,9.52E-05
fax,9.52E-05
unuas,9.52E-05
divis,9.52E-05
choicei,9.52E-05
dmw111kbldb,9.52E-05
north,9.52E-05
whirlpoolkitchen,9.52E-05
aid,9.52E-05
accuwav,0.000285602
gh5184xp,9.52E-05
welder,9.52E-05
torch,9.52E-05
5184,0.000285602
brighter,9.52E-05
pink,9.52E-05
againand,9.52E-05
dealerrecommend,9.52E-05
myriad,9.52E-05
microprocessor,9.52E-05
onsit,0.000493016
checklist,9.52E-05
midcycl,9.52E-05
confid,9.52E-05
fist,9.52E-05
mission,9.52E-05
videoidmo1lohj4vrrgajtth,9.52E-05
exagger,9.52E-05
demo,9.52E-05
subset,0.000190401
____________________,9.52E-05
midcook,9.52E-05
blank,9.52E-05
cranki,9.52E-05
behavior,9.52E-05
riddanc,9.52E-05
haul,9.52E-05
steep,9.52E-05
tsp,9.52E-05
paintstrip,9.52E-05
grit,0.000190401
tarp,9.52E-05
aceton,9.52E-05
windup,9.52E-05
toy,9.52E-05
spun,9.52E-05
ubnless,9.52E-05
ui,9.52E-05
unnerv,9.52E-05
steak,0.000341371
whine,9.52E-05
teflon,9.52E-05
notif,0.000190401
3pm,9.52E-05
915,9.52E-05
2002,9.52E-05
reconfigur,9.52E-05
gebuy,9.52E-05
nake,9.52E-05
conv,9.52E-05
rib,9.52E-05
1015,9.52E-05
5yr,0.000190401
simul,9.52E-05
keypress,9.52E-05
vari,9.52E-05
isactu,9.52E-05
standpoint,9.52E-05
firesal,9.52E-05
thermomet,9.52E-05
verticallychalleng,9.52E-05
nook,0.000190401
abund,9.52E-05
expenditur,9.52E-05
spous,9.52E-05
burger,9.52E-05
heatcook,9.52E-05
forese,0.000190401
uncov,0.000268303
flow,0.000190401
fivestar,0.000190401
fridgidair,9.52E-05
fmv,9.52E-05
156,9.52E-05
dca,9.52E-05
dioderectifir,9.52E-05
failedi,9.52E-05
diodestil,9.52E-05
fridigair,9.52E-05
maytagwhat,9.52E-05
haveor,9.52E-05
reviewscomplaint,9.52E-05
fissur,9.52E-05
microwavei,9.52E-05
magnatronappar,9.52E-05
heatgo,9.52E-05
thatjudg,9.52E-05
herei,9.52E-05
beef,9.52E-05
gh7208xr,9.52E-05
geprofil,9.52E-05
subtl,9.52E-05
forinst,9.52E-05
scrambel,9.52E-05
ored,9.52E-05
undermount,9.52E-05
mare,9.52E-05
sane,9.52E-05
horrif,9.52E-05
reallyit,9.52E-05
candi,9.52E-05
limp,9.52E-05
bleep,9.52E-05
squeek,9.52E-05
south,0.000178868
1680bb,9.52E-05
babyfood,9.52E-05
mic,9.52E-05
230am,9.52E-05
spooki,9.52E-05
tier,9.52E-05
hoist,9.52E-05
spartan,0.000190401
5star,9.52E-05
detest,9.52E-05
rave,9.52E-05
itwithout,9.52E-05
jvm2070,9.52E-05
bho2,9.52E-05
2007,0.000256028
thread,0.000178868
facil,0.000268303
workedthan,9.52E-05
curbdamnwhat,9.52E-05
idiot,9.52E-05
amthank,9.52E-05
40000,9.52E-05
fiveyear,0.000178868
corrod,9.52E-05
330,9.52E-05
245,9.52E-05
9-Oct,9.52E-05
vist,9.52E-05
9-Dec,9.52E-05
finih,9.52E-05
archiv,9.52E-05
wallmount,9.52E-05
marketand,9.52E-05
3½,9.52E-05
2½,9.52E-05
sophist,9.52E-05
achil,9.52E-05
heel,9.52E-05
purchasedth,9.52E-05
repairtyp,9.52E-05
backand,9.52E-05
impact,9.52E-05
recap,9.52E-05
adventur,9.52E-05
9707,9.52E-05
62308,9.52E-05
sizzl,0.000178868
7108,9.52E-05
71708,9.52E-05
81108,9.52E-05
81808,9.52E-05
9408,9.52E-05
1292009,9.52E-05
22009,9.52E-05
12142009,9.52E-05
heatingcool,0.000190401
approx,9.52E-05
littleno,9.52E-05
12242009,9.52E-05
incorrect,9.52E-05
172010,9.52E-05
11410,9.52E-05
har,9.52E-05
relay,0.000285602
12010,9.52E-05
12110,9.52E-05
signifig,9.52E-05
ws,9.52E-05
2510,9.52E-05
asinb002x7669c,9.52E-05
blackstainless,9.52E-05
6995,9.52E-05
spacehog,9.52E-05
montgomeri,9.52E-05
ward,9.52E-05
diminut,9.52E-05
63,9.52E-05
997,9.52E-05
loyal,9.52E-05
shopper,9.52E-05
greatfor,9.52E-05
812,9.52E-05
1155,9.52E-05
200yup,9.52E-05
partsinterest,9.52E-05
1158serious,9.52E-05
fuzzynot,9.52E-05
weeksand,9.52E-05
whirlpoolwil,9.52E-05
branditemsav,9.52E-05
yourselfdont,9.52E-05
122809,9.52E-05
santa,0.000190401
bone,9.52E-05
ohand,9.52E-05
28after,9.52E-05
appointments2,9.52E-05
wb36x10302,9.52E-05
poke,9.52E-05
69,9.52E-05
1220,9.52E-05
1175,9.52E-05
maint,0.000190401
50hr,9.52E-05
106,9.52E-05
233,9.52E-05
suffer,9.52E-05
overcam,9.52E-05
adag,9.52E-05
kb6524,9.52E-05
hotspot,9.52E-05
reheatingnot,9.52E-05
fork,0.000190401
arch,9.52E-05
programm,9.52E-05
cream,0.000285602
ofic,9.52E-05
neatest,9.52E-05
ca,9.52E-05
r2110jw,9.52E-05
overlay,9.52E-05
straightforward,9.52E-05
r1449,9.52E-05
bc,9.52E-05
incident,9.52E-05
freeli,9.52E-05
intiut,9.52E-05
30sec,9.52E-05
fluoresc,9.52E-05
lamp,9.52E-05
couldv,9.52E-05
uneffici,9.52E-05
steeel,9.52E-05
similiar,9.52E-05
installationdoityourself,9.52E-05
mfgr,9.52E-05
it233,9.52E-05
prohibit,9.52E-05
re,0.000190401
fiasco,9.52E-05
solo,9.52E-05
dropin,9.52E-05
rattley,9.52E-05
racket,9.52E-05
turbin,9.52E-05
npr,9.52E-05
fellow,9.52E-05
occup,9.52E-05
firmli,9.52E-05
ace,9.52E-05
grasp,9.52E-05
menac,9.52E-05
sniff,9.52E-05
preview,9.52E-05
behemouth,9.52E-05
hors,9.52E-05
youth,9.52E-05
problemplast,9.52E-05
withstand,9.52E-05
yetcomplet,9.52E-05
happyexcel,9.52E-05
backorderedamazon,9.52E-05
stench,9.52E-05
repairpron,9.52E-05
afternoon,9.52E-05
3the,9.52E-05
parrot,9.52E-05
disregard,9.52E-05
percept,9.52E-05
pamper,9.52E-05
r1874,9.52E-05
failednow,9.52E-05
turnaround,9.52E-05
reliablemani,9.52E-05
j,0.000190401
tastad,0.000190401
radarrang,9.52E-05
1981,9.52E-05
amper,9.52E-05
vice,9.52E-05
versa,9.52E-05
85,0.000178868
selfdestruct,0.000190401
similars,0.000190401
discard,0.000190401
hardpress,0.000190401
costofownership,0.000190401
nnsd978,0.000190401
repairsor,9.52E-05
substanc,9.52E-05
gimmick,9.52E-05
lightli,0.000268303
superh,9.52E-05
6262010,0.000190401
7262011,0.000190401
3212013,0.000190401
anythingeheat,9.52E-05
malfunctionno,9.52E-05
splendidli,9.52E-05
commodi,9.52E-05
belowcount,9.52E-05
pastur,9.52E-05
fuel,9.52E-05
r408l,9.52E-05
foot1100w,9.52E-05
bj,9.52E-05
foot1200w,9.52E-05
r520k,0.000178868
untri,9.52E-05
weekold,9.52E-05
unread,9.52E-05
nonstop,9.52E-05
groundless,9.52E-05
protrud,0.000178868
allinal,9.52E-05
destruct,9.52E-05
r402jk,9.52E-05
until,9.52E-05
meatloaf,9.52E-05
juic,9.52E-05
eleven,9.52E-05
itm,9.52E-05
westinghous,9.52E-05
startminut,9.52E-05
midst,9.52E-05
distinguish,9.52E-05
reasonablypr,9.52E-05
inexperienc,9.52E-05
pulver,9.52E-05
bust,9.52E-05
tome,9.52E-05
safer,9.52E-05
dualus,9.52E-05
tandem,9.52E-05
4to,9.52E-05
easer,9.52E-05
notch,9.52E-05
speedand,9.52E-05
potao,9.52E-05
presto,9.52E-05
tasti,9.52E-05
strap,9.52E-05
mirowav,9.52E-05
lifter,9.52E-05
r1510,9.52E-05
necessit,9.52E-05
tracer,0.000190401
ether,9.52E-05
8pm,9.52E-05
reorder,9.52E-05
2day,9.52E-05
chapter,9.52E-05
culdesac,9.52E-05
mistakenli,9.52E-05
169,0.000178868
boot,9.52E-05
forreh,9.52E-05
popcornso,9.52E-05
cash,9.52E-05
ventless,9.52E-05
featuresbas,9.52E-05
widthwis,9.52E-05
13x9x2,9.52E-05
putoff,9.52E-05
hydraul,9.52E-05
immeasur,9.52E-05
singlehandedli,9.52E-05
orient,9.52E-05
comprehens,9.52E-05
tim,9.52E-05
toolman,9.52E-05
taylor,9.52E-05
precis,9.52E-05
beam,9.52E-05
lockercourtesi,9.52E-05
pdf,9.52E-05
tale,9.52E-05
incent,9.52E-05
opprotun,9.52E-05
snazz,9.52E-05
31st,9.52E-05
dude,9.52E-05
math,9.52E-05
stain,9.52E-05
grow,9.52E-05
rash,9.52E-05
whereupon,9.52E-05
140,9.52E-05
compens,9.52E-05
postoffic,9.52E-05
fedex,0.000178868
dhl,9.52E-05
thecloseoutk,9.52E-05
damper,0.000178868
warrant,9.52E-05
modest,9.52E-05
pushbutton,9.52E-05
boxcustom,9.52E-05
hummingvibr,9.52E-05
boxdamag,9.52E-05
factorywarehous,9.52E-05
unit2nd,9.52E-05
puchas,9.52E-05
116th,9.52E-05
pilot,9.52E-05
sunk,9.52E-05
34quot,9.52E-05
drywal,9.52E-05
injur,9.52E-05
12quot,9.52E-05
cinnimon,9.52E-05
unsightli,9.52E-05
nacho,9.52E-05
pen,9.52E-05
consumerwont,9.52E-05
proffesion,9.52E-05
30rebat,9.52E-05
settingwish,9.52E-05
quieterth,9.52E-05
greatat,9.52E-05
boost,9.52E-05
union,9.52E-05
tn,9.52E-05
overcompl,9.52E-05
salmon,9.52E-05
winebasil,9.52E-05
sauc,9.52E-05
outsourc,9.52E-05
